--
-- PostgreSQL database dump
--

-- Dumped from database version 13.9 (Debian 13.9-1.pgdg110+1)
-- Dumped by pg_dump version 13.9 (Debian 13.9-1.pgdg110+1)

SET statement_timeout = 0;
SET lock_timeout = 0;
SET idle_in_transaction_session_timeout = 0;
SET client_encoding = 'UTF8';
SET standard_conforming_strings = on;
SELECT pg_catalog.set_config('search_path', '', false);
SET check_function_bodies = false;
SET xmloption = content;
SET client_min_messages = warning;
SET row_security = off;

--
-- Name: content; Type: SCHEMA; Schema: -; Owner: app
--

CREATE SCHEMA content;


ALTER SCHEMA content OWNER TO app;

--
-- Name: uuid-ossp; Type: EXTENSION; Schema: -; Owner: -
--

CREATE EXTENSION IF NOT EXISTS "uuid-ossp" WITH SCHEMA public;


--
-- Name: EXTENSION "uuid-ossp"; Type: COMMENT; Schema: -; Owner: 
--

COMMENT ON EXTENSION "uuid-ossp" IS 'generate universally unique identifiers (UUIDs)';


SET default_tablespace = '';

SET default_table_access_method = heap;

--
-- Name: film_work; Type: TABLE; Schema: content; Owner: app
--

CREATE TABLE content.film_work (
    id uuid NOT NULL,
    title text NOT NULL,
    description text,
    file_path text,
    creation_date date,
    rating double precision,
    type text NOT NULL,
    created timestamp with time zone,
    modified timestamp with time zone,
    duration integer
);


ALTER TABLE content.film_work OWNER TO app;

--
-- Name: genre; Type: TABLE; Schema: content; Owner: app
--

CREATE TABLE content.genre (
    id uuid NOT NULL,
    name text NOT NULL,
    description text,
    created timestamp with time zone,
    modified timestamp with time zone
);


ALTER TABLE content.genre OWNER TO app;

--
-- Name: genre_film_work; Type: TABLE; Schema: content; Owner: app
--

CREATE TABLE content.genre_film_work (
    id uuid NOT NULL,
    genre_id uuid NOT NULL,
    film_work_id uuid NOT NULL,
    created timestamp with time zone
);


ALTER TABLE content.genre_film_work OWNER TO app;

--
-- Name: person; Type: TABLE; Schema: content; Owner: app
--

CREATE TABLE content.person (
    id uuid NOT NULL,
    full_name text NOT NULL,
    created timestamp with time zone,
    modified timestamp with time zone
);


ALTER TABLE content.person OWNER TO app;

--
-- Name: person_film_work; Type: TABLE; Schema: content; Owner: app
--

CREATE TABLE content.person_film_work (
    id uuid NOT NULL,
    film_work_id uuid NOT NULL,
    person_id uuid NOT NULL,
    role text NOT NULL,
    created timestamp with time zone
);


ALTER TABLE content.person_film_work OWNER TO app;

--
-- Data for Name: film_work; Type: TABLE DATA; Schema: content; Owner: app
--

COPY content.film_work (id, title, description, file_path, creation_date, rating, type, created, modified, duration) FROM stdin;
3d825f60-9fff-4dfe-b294-1a45fa1e115d	Шрэк	Жил да был в сказочном государстве большой зеленый великан по имени Шрэк. Жил он в гордом одиночестве в лесу, на болоте, которое считал своим. Но однажды злобный коротышка — лорд Фаркуад, правитель волшебного королевства, безжалостно согнал на Шрэково болото всех сказочных обитателей.\n\rИ беспечной жизни зеленого великана пришел конец. Но лорд Фаркуад пообещал вернуть Шрэку болото, если великан добудет ему прекрасную принцессу Фиону, которая томится в неприступной башне, охраняемой огнедышащим драконом.	\N	\N	8.6	movie	2021-06-16 20:14:09.221838+00	2021-06-16 20:14:09.221855+00	68
0312ed51-8833-413f-bff5-0e139c11264a	Великий диктатор	Главный герой фильма, еврейский цирюльник, сражается в рядах армии своего государства Томании. Однажды, во время одного из сражений, он спасает жизнь летчику Шульцу, но в результате довольно жесткого приземления ударяется головой, теряет память и долгое время находится в больнице.\n\rШли годы, война давно уже закончилась, и в Томании приходит к власти диктатор Аденоид Хинкель, который яро ненавидит евреев и очень сильно похож на того самого еврейского цирюльника. Хинкель жаждет завоевать весь мир, а в это время цирюльник выходит из больницы и, ни о чем не подозревая, пытается наладить старую жизнь. Однако впереди его ждут невероятные приключения…	\N	\N	8.7	movie	2021-06-16 20:14:09.221939+00	2021-06-16 20:14:09.221958+00	91
025c58cd-1b7e-43be-9ffb-8571a613579b	Похитители велосипедов	Послевоенный Рим, давно неработающий Антонио вне себя от радости - он наконец-то находит работу. Но в первый же трудовой день у него украли велосипед, без которого невозможно работать! Вместе с маленьким сыном Бруно он пытается  найти  в огромном  городе украденный  велосипед,  от которого зависит жизнь его семьи...	\N	\N	8.3	movie	2021-06-16 20:14:09.221999+00	2021-06-16 20:14:09.222016+00	67
cddf9b8f-27f9-4fe9-97cb-9e27d4fe3394	Паттон	По книгам «Паттон: испытания и триумф» и «История солдата» генерала Омара Н. Брэдли. Биография генерала Джорджа Паттона, чей темперамент часто оказывал влияние на ход военных действий во время второй мировой войны.	\N	\N	7.9	movie	2021-06-16 20:14:09.222053+00	2021-06-16 20:14:09.222069+00	92
3b914679-1f5e-4cbd-8044-d13d35d5236c	Африканская королева	1914 год, Восточная Африка. Пропахший джином капитан Чарли приплывает на своем пароходике в деревню, где находится христианская миссия преподобного Сэмюэла и его незамужней сестры Розы, которые среди диких африканских джунглей ведут себя так, будто по-прежнему находятся в старой доброй Англии. Но война докатывается и до Африки.\n\rВорвавшиеся в миссию немецкие солдаты сжигают деревню и угоняют жителей. Пережитое плохо отразилось на состоянии преподобного, вскоре он умирает, а Розе приходится бежать вместе с Чарли. Беспрерывно ссорясь друг с другом, чопорная миссионерка и бесшабашный капитан плывут по реке навстречу опасным и романтическим приключениям.	\N	\N	6.5	movie	2021-06-16 20:14:09.222105+00	2021-06-16 20:14:09.222122+00	105
516f91da-bd70-4351-ba6d-25e16b7713b7	Зеленая миля	Пол Эджкомб — начальник блока смертников в тюрьме «Холодная гора», каждый из узников которого однажды проходит «зеленую милю» по пути к месту казни. Пол повидал много заключённых и надзирателей за время работы. Однако гигант Джон Коффи, обвинённый в страшном преступлении, стал одним из самых необычных обитателей блока.	\N	\N	7.5	movie	2021-06-16 20:14:09.222163+00	2021-06-16 20:14:09.22218+00	87
c4c5e3de-c0c9-4091-b242-ceb331004dfd	Бен-Гур	Действие фильма начинается в Палестине в 26 году от Рождества Христова. Два друга, иудей Бен Гур и римлянин Мессала, встречаются после долгой разлуки взрослыми людьми и понимают, что дружба уже невозможна...	\N	\N	6.5	movie	2021-06-16 20:14:09.222216+00	2021-06-16 20:14:09.222232+00	111
4af6c9c9-0be0-4864-b1e9-7f87dd59ee1f	Это случилось однажды ночью	Элли собирается замуж за знаменитого летчика Кинга Вестли, но ее отец презирает того, считая светским бездельником, поэтому он сажает дочь под замок и ищет основания для аннулирования помолвки. Элли удается бежать, и она отправляется навстречу суженому в Нью-Йорк на автобусе. В том же автобусе едет только что уволенный репортер Питер. Ему необходима сенсация, чтобы восстановить отношения с редактором. В лице беглой наследницы миллионов, которую ищет полиция всей страны, судьба улыбается ему.	\N	\N	7.9	movie	2021-06-16 20:14:09.222275+00	2021-06-16 20:14:09.222292+00	69
12a8279d-d851-4eb9-9d64-d690455277cc	Филадельфийская история	Холодная красавица миссис Трейси разведена и готовится вновь выйти замуж за Джорджа, управляющего нефтяной компанией ее отца. Казалось бы, сомнений нет, но вдруг накануне торжества неожиданно появляется ее бывший муж Декстер в сопровождении двух корреспондентов - симпатичного молодого человека по имени Коннор и мисс Имбири - которые должны осветить в желтой прессе это светское событие.	\N	\N	7	movie	2021-06-16 20:14:09.222329+00	2021-06-16 20:14:09.222346+00	81
118fd71b-93cd-4de5-95a4-e1485edad30e	Город бога	Парень по кличке Ракета, балансирующий между честной жизнью и мелкими правонарушениями, и его знакомый Дадинью, который с восьми лет начал карьеру гангстера, выживают как могут в так называемом Городе бога — трущобах Рио-де-Жанейро.	\N	\N	7.8	movie	2021-06-16 20:14:09.22238+00	2021-06-16 20:14:09.222397+00	116
6ecc7a32-14a1-4da8-9881-bf81f0f09897	Воспитание Крошки	Дэвид Хаксли – чудаковатый палеонтолог, последние четыре года жизни по косточке воссоздающий скелет бронтозавра. За день до свадьбы злодейка-судьба сталкивает его со Сьюзан, неуемной молодой девицей, которая тут же положила на него глаз и начала причинять бесконечные неприятности, пытаясь заполучить его.\n\rВенцом всеобщего кавардака является постоянно путающийся под ногами леопард ее тетушки по кличке Крошка. Дэвид, пытаясь вырваться из сетей Сьюзан, попадает во все более и более смешные ситуации. 	\N	\N	7.7	movie	2021-06-16 20:14:09.222433+00	2021-06-16 20:14:09.222449+00	69
46f15353-2add-415d-9782-fa9c5b8083d5	Принцесса Мононоке	Убив вепря, юный принц Аситака навлек на себя смертельное проклятие. Старая знахарка предсказала, что только он сам способен изменить свою судьбу, и отважный воин отправился в опасное путешествие. Так он оказался в загадочной стране, где люди под предводительством злой госпожи Эбоси воевали с обитателями леса: духами, демонами и гигантскими существами, каких Аситака раньше никогда не видел. \n\rИ была с ними принцесса Мононоке - повелительница зверей и дочь волчицы. Теперь судьба всех зависит только от одного воина - принца Аситаки.	\N	\N	6.7	movie	2021-06-16 20:14:09.222485+00	2021-06-16 20:14:09.222501+00	120
db5dcded-29da-4c96-91a2-df1407f0a80a	Простая история	Семидесятитрехлетний Элвин Стрэйт, доживающий последние годы вместе с полоумной дочкой в тихом провинциальном городке, отправляется в путь, чтобы повидаться со своим старшим братом Лайлом, пережившим сердечный приступ. Элвин покупает подержанную газонокосилку (у него нет прав на вождение автомобиля) и отправляется в путь через два штата. Его ждут случайные придорожные знакомства, помощь добрых людей и, наконец, встреча с братом.	\N	\N	7.5	movie	2021-06-16 20:14:09.225052+00	2021-06-16 20:14:09.225069+00	117
fda827f8-d261-4c23-9e9c-e42787580c4d	Хладнокровный Люк	Однажды ночью Люк, выпив, решил развлечься и свинтил газовым ключом дюжину монетоприемников на автостоянке, за что и получил два года ремонтно-строительных работ на дорогах в южных штатах. Еще во время войны он много раз испытывал свою судьбу на прочность, и тюрьма стала очередной проверкой, которую Люк, похоже, и искал…\n\rЗа свой упрямый и упорный характер Люк получил от сокамерников уважительное прозвище Люк Хладнокровный, а с ним и ненависть надзирателей лагеря за стремление к свободе и непокорный нрав. Три побега, три ареста и три жестоких наказания не сломили его волю к жизни, он стал героем для остальных заключенных, героем-одиночкой, поставившим себя против системы…	\N	\N	7.7	movie	2021-06-16 20:14:09.222546+00	2021-06-16 20:14:09.222562+00	84
57beb3fd-b1c9-4f8a-9c06-2da13f95251c	Терминатор 2: Судный день	Прошло более десяти лет с тех пор, как киборг из 2029 года пытался уничтожить Сару Коннор — женщину, чей будущий сын выиграет войну человечества против машин.\n\rТеперь у Сары родился сын Джон и время, когда он поведёт за собой выживших людей на борьбу с машинами, неумолимо приближается. Именно в этот момент из постапокалиптического будущего прибывает новый терминатор — практически неуязвимая модель T-1000, способная принимать любое обличье. Цель нового терминатора уже не Сара, а уничтожение молодого Джона Коннора.\n\rОднако шансы Джона на спасение существенно повышаются, когда на помощь приходит перепрограммированный сопротивлением терминатор предыдущего поколения. Оба киборга вступают в смертельный бой, от исхода которого зависит судьба человечества.	\N	\N	6.9	movie	2021-06-16 20:14:09.222606+00	2021-06-16 20:14:09.222623+00	112
b1f1e8a6-e310-47d9-a93c-6a7b192bac0e	Телохранитель	В некий японский городок приходит самурай. Самурай выглядит совершенно не по-самурайски: плохо пострижен, не причёсан. А в городе две организованные преступные группировки, созданные местечковыми олигархами из лиц, находящихся под следствием и в розыске, терроризируют жителей городка, жестоко страдающих от бандитского беспредела. Проявляя недюжинную оперативную смекалку и мастерски работая мечом, попеременно нанимаясь телохранителем то в одну, то в другую банду, самурай искусно сокращает поголовье уродов, попутно решая свои собственные задачи.	\N	\N	7.1	movie	2021-06-16 20:14:09.222657+00	2021-06-16 20:14:09.222674+00	65
50fb4de9-e4b3-4aca-9f2f-00a48f12f9b3	Гроздья гнева	После тюремного срока за убийство Том Джоад возвращается на своё семейное ранчо, которое к тому времени полностью разорилось и пребывает в запустении. В отсутствие какой-либо перспективы найти работу в засушливой Оклахоме вся семья собирает свой скарб и отправляется на «землю обетованную» - в Калифорнию. \n\rНо трудный путь и тяжкие условия не приносят искомой надежды, и даже единство семьи подвергается испытаниям.	\N	\N	7.6	movie	2021-06-16 20:14:09.22271+00	2021-06-16 20:14:09.222726+00	95
6e5cd268-8ce4-45f9-87d2-52f0f26edc9e	Звёздные войны: Эпизод 6 – Возвращение Джедая	В шестом эпизоде «Звездных войн» Дарт Вейдер создает вторую «Звезду Смерти». Он объединяет все силы зла, чтобы с помощью этого смертоносного оружия нанести последний сокрушительный удар по повстанцам и их союзникам.\n\rЛюк Скайуокер вместе с принцессой Лейей и верными дроидами R2D2 и C-3PO отправляется спасать своего друга Хана Соло, который попал в плен к отвратительному Джаббе Хатту - могущественному повелителю преступников.\n\rПовстанцы высаживаются на планету Эндор, чтобы оттуда вместе с Люком и его отрядом предпринять последнюю атаку на Имперский флот, атаку, от которой зависит судьба Галактики. В этом эпизоде Люк Скайуокер и Дарт Вейдер встречаются в последний раз... ибо из поединка между отцом и сыном живым выйдет только один...	\N	\N	7.7	movie	2021-06-16 20:14:09.222762+00	2021-06-16 20:14:09.222779+00	109
b1384a92-f7fe-476b-b90b-6cec2b7a0dce	Форрест Гамп	Сидя на автобусной остановке, Форрест Гамп — не очень умный, но добрый и открытый парень — рассказывает случайным встречным историю своей необыкновенной жизни.\n\rС самого малолетства парень страдал от заболевания ног, соседские мальчишки дразнили его, но в один прекрасный день Форрест открыл в себе невероятные способности к бегу. Подруга детства Дженни всегда его поддерживала и защищала, но вскоре дороги их разошлись.	\N	\N	8.6	movie	2021-06-16 20:14:09.222818+00	2021-06-16 20:14:09.222835+00	67
c9e1f6f0-4f1e-4a76-92ee-76c1942faa97	Мышьяк и старые кружева	Не зря возражал отец Элейн против брака его дочери с Мортимером в канун Хэллоуина. Всё сразу пошло наперекосяк. Молодожёны переезжают в большой мрачный дом семьи Брюстер в Бруклине, неподалёку от старинного кладбища. В доме живут две милые старые тётушки Мортимера и абсолютно сумасшедший двоюродный брат, считающий себя президентом Рузвельтом.\n\rНеожиданно появляется ещё один брат – убийца-маньяк, только что сбежавший из тюрьмы. Может, хотя бы старушки нормальны? Увы…	\N	\N	7.3	movie	2021-06-16 20:14:09.22287+00	2021-06-16 20:14:09.222887+00	83
a7b11817-205f-4e1a-98b5-e3c48b824bc3	Дикая банда	Год 1913-й. Мир на грани Первой мировой, и давно состарившийся Дикий Запад ощущает себя уходящей натурой. Вместе с ним на покой собралась шайка грабителей, «дикая банда», шестеро ловцов удачи, слишком старых для дерзких налетов. Но они готовы еще тряхнуть стариной, и на излете легендарной карьеры порох в пороховницах этих бандолерос обернется последней кровавой бойней…	\N	\N	6.4	movie	2021-06-16 20:14:09.222921+00	2021-06-16 20:14:09.222937+00	117
1b7d7c64-8be8-47db-8924-23029a9878a9	Непрощенный	История Уильяма Мунни — бывшего хладнокровного убийцы, нашедшего в себе силы покончить с грязным ремеслом. Он стал фермером, завел семью. Но все складывается совсем не так, как ему хотелось.	\N	\N	7.3	movie	2021-06-16 20:14:09.222973+00	2021-06-16 20:14:09.222989+00	96
98167b6e-8d41-4378-9fc3-ee998677e6cb	Рождественская история	Индиана, 1940 год. Девятилетний Ральфи мечтает об идеальном рождественском подарке - настоящей двухсотзарядной пневматической винтовке Красного Наездника.\n\rВорчливый папаша и заботливая мамочка, естественно, против, полагая, что их драгоценный сынуля может себя покалечить! И тогда Ральфи решает обратиться за помощью к самому Санта-Клаусу.	\N	\N	6.6	movie	2021-06-16 20:14:09.223028+00	2021-06-16 20:14:09.223044+00	110
37c6cd37-1222-4470-9221-3170367d134b	Ночь охотника	Мальчику Джону и его сестричке Перл «посчастливилось» увидеть, как их отца увозит полиция, схватив его за ограбление и убийство двух человек. Отца приговаривают к смерти и вешают, в наследство детям остаются украденные деньги, которые отец спрятал, взяв с Джона и Перл слово, что они никому не расскажут о тайнике, даже матери. В тюрьме он познакомился с проповедником Гарри Пауэллом, а на деле - безжалостным убийцей, помешанном на религии, со словами «любовь» и «ненависть», вытатуированными на пальцах рук. Пауэлл решает добраться до тайника и для этого женится на доверчивой вдове.	\N	\N	6.7	movie	2021-06-16 20:14:09.22308+00	2021-06-16 20:14:09.223097+00	80
50d842be-bcda-401e-90de-b06929611ce0	Почти знаменит	История о том, как простой американский мальчишка Уильям Миллер волею случая стал корреспондентом авторитетного музыкального журнала «Роллинг Стоун» и отправился по заданию редакции в турне с группой «Стиллуотер».\n\rВ компании суровых рокеров, юных фанаток и бурлящих в крови гормонов парень делает свой первый шаг в полную удивительных приключений взрослую жизнь расклешенных семидесятых. И уж, поверьте, эти самые приключения не заставят себя ждать!	\N	\N	6.4	movie	2021-06-16 20:14:09.223132+00	2021-06-16 20:14:09.223149+00	61
4b6977e2-b3db-4f04-b83e-f091c6fcd49c	Молодой Франкенштейн	Молодой доктор Фредерик Франкентшейн, внук Виктора Франкенштейна, невероятно стыдящийся близкого родства со знаменитым бароном, отправляется в Трансильванию, чтобы вступить во владение замком, оставленным дедом ему в наследство. Фредерик долгие годы был уверен, что работа его дедушки — полнейшая ерунда, но найдя в замке книгу с описанием его экспериментов и внимательно изучив её, молодой человек резко меняет мнение.	\N	\N	5.1	movie	2021-06-16 20:14:09.229259+00	2021-06-16 20:14:09.229275+00	65
31231ab7-f5ab-4d7c-a10c-1448371380ea	Унесённые ветром	Могучие ветры Гражданской войны в один миг уносят беззаботную юность южанки Скарлетт О`Хара, когда привычный шум балов сменяется грохотом канонад на подступах к родному дому. Для молодой женщины, вынужденной бороться за новую жизнь на разоренной земле, испытания и лишения становятся шансом переосмыслить идеалы, обрести веру в себя и найти настоящую любовь.	\N	\N	8.2	movie	2021-06-16 20:14:09.256487+00	2021-06-16 20:14:09.256503+00	64
2bfc0f50-7a88-4d4c-bbf8-f839c6150e7e	Лагерь для военнопленных №17	Когда двое сбежавших американских заключённых Второй мировой были убиты, немецкий военнопленный, спекулянт лагерных казарм, Джей Джей Сефтон стал подозреваться в доносе.	\N	\N	8.3	movie	2021-06-16 20:14:09.223185+00	2021-06-16 20:14:09.223201+00	66
9d284e83-21f0-4073-aac0-4abee51193d8	Бойцовский клуб	Склизкий гад в сливном бачке, мохнатый зверь, похожий на чудовище из «Аленького цветочка», гигантские мокрицы под кроватью — все они существуют на самом деле. Все, что им нужно — пугать детей, потому что из детских криков они получают электричество.\n\rПолнометражный мультфильм рассказывает о кризисах в мире монстров, их жизни. Но однажды вся мирная жизнь монстров оказывается под угрозой: в их мир попадает ребенок. А с детьми столько хлопот, что они могут довести даже монстров.	\N	\N	6.4	movie	2021-06-16 20:14:09.223239+00	2021-06-16 20:14:09.223256+00	111
511b8ae8-f59d-450e-b9a2-22aabba2693b	Бильярдист	Бильярдист Эдди Фелсон действовал просто: сначала он позволял противнику выигрывать, потом взвинчивал ставки и буквально раздевал соперника до нитки. В Нью-Йорке произошел легендарный поединок: Эдди Фелсон бросил вызов Толстяку Миннесоте...	\N	\N	7.2	movie	2021-06-16 20:14:09.223292+00	2021-06-16 20:14:09.223308+00	84
de5347cf-a70d-430f-8005-786326e28794	На Западном фронте без перемен	Рассказ о простых немецких школьниках старших классов, которые под действием патриотической пропаганды идут на войну, принимая её как игру, и не знают, что впереди их ждет только смерть.	\N	\N	7.8	movie	2021-06-16 20:14:09.223343+00	2021-06-16 20:14:09.22336+00	70
82297925-80cc-4c47-b6cf-6b5e06e23b70	Разговор	Гарри Коул — лучший на Западном побережье эксперт по прослушивающим устройствам. Записав по заказу крупного бизнесмена беседу некой парочки, гуляющей по площади, Коул нарушает свое главное правило — не совать нос в дела заказчика — и пытается предотвратить убийство, которое, как ему кажется, вот-вот должно произойти.	\N	\N	5.5	movie	2021-06-16 20:14:09.223396+00	2021-06-16 20:14:09.223412+00	60
8cc3c3aa-e531-4eeb-a707-08119024b3ea	Быть Джоном Малковичем	Кукольник-неудачник по имени Шварц устраивается на работу в странную и невероятно тесную контору. В своем кабинете новоиспеченный клерк Крэйг обнаруживает крошечную потайную дверцу. Удивлению не было границ, когда он обнаружил, что за дверцей скрыт ход... в мозг голливудской звезды Джона Малковича! И тогда предприимчивый кукловод решает организовать доходное предприятие по организации экскурсий в голову звезды для всех желающих.	\N	\N	5.9	movie	2021-06-16 20:14:09.223448+00	2021-06-16 20:14:09.223464+00	62
b503ced6-fff1-493a-ad41-73449b55ffee	Поговори с ней	В поисках интересного персонажа для статьи журналист Марко встречается со знаменитой женщиной-тореро Лидией. Их знакомство перерастает в страстную любовь, но все надежды рушит трагедия на корриде: удар разъяренного быка повергает Лидию в кому. Проводя дни и ночи в больнице, Марко знакомится с медбратом Бениньо. Он не первый год заботится о впавшей в кому Алисии, которую страстно любит, не надеясь на взаимность.\n\rСхожие судьбы объединяют мужчин, но Бениньо счастлив, а Марко страдает, будучи не в силах выразить Лидии свои чувства. Видя отчаяние друга, Бениньо дает ему совет: «Поговори с ней». Теперь только сокровенные разговоры связывают любимых, и может быть, простые слова однажды сотворят чудо, на которое так надеются Марко и Бениньо…	\N	\N	8.2	movie	2021-06-16 20:14:09.223504+00	2021-06-16 20:14:09.22352+00	97
319df05f-c5d9-4389-a84a-a43e695bf048	Крепкий орешек	В суперсовременном небоскребе Лос-Анджелеса полицейский Джон Макклейн ведет смертельную схватку с бандой политических террористов, взявших в заложники два десятка человек, в число которых попадает и его жена. Началось все с того, что парень приехал в город к жене, оказался на рождественском приеме, а кончилось настоящей войной...	\N	\N	6.9	movie	2021-06-16 20:14:09.223869+00	2021-06-16 20:14:09.223885+00	73
a144d250-6667-47e4-94bd-0ee59c0dc05f	Человек-слон	Доктор Тривз находит Меррика в «фрик-шоу». Внешность его настолько ужасающая, что ему приходится носить просторное одеяние, чтобы никто не увидел его пугающих наростов по всему телу. Забрав Меррика в больницу после очередного избиения хозяином, Тривз с удивлением обнаруживает в нем человека интеллектуально развитого и духовного. Профессиональный интерес сменяется состраданием, феномен становится моден в высшем свете, сама королева благословляет оставить его в больнице навсегда.	\N	\N	7.9	movie	2021-06-16 20:14:09.223554+00	2021-06-16 20:14:09.223571+00	68
47050db6-580f-493c-a007-a11c8768ce1b	Торжество	В шикарном загородном особняке намечается торжество. На юбилей почтенного отца большого семейства съезжаются дети и родственники. В зале накрыт изумительный стол, откупорены изысканные вина. За столом нет только одной из дочерей юбиляра, покончившей с собой при таинственных обстоятельствах. Праздник начинается. Старший сын произносит первый тост. Никто не подозревает, что собравшимся нарядным гостям предстоит услышать шокирующую и жуткую правду...	\N	\N	7.5	movie	2021-06-16 20:14:09.223606+00	2021-06-16 20:14:09.223623+00	104
496f504e-20fa-4dfd-b4cb-c7c4ef636e07	Малхолланд Драйв	Загадочная девушка, после автомобильной аварии страдающая потерей памяти, выбирает себе имя Рита с рекламного плаката к фильму с Ритой Хейворт и пытается начать новую жизнь в Голливуде. Но тайны прошлого неотступно преследуют ее.\n\rКто были те двое мужчин, что сидели в одной машине с ней и погибли в аварии? Почему полиция подозревает, что она была ими похищена? И случайно ли в ее жизни появляется новая подруга, начинающая актриса Бетти?	\N	\N	6.3	movie	2021-06-16 20:14:09.223658+00	2021-06-16 20:14:09.223674+00	115
cc397479-a5f8-488f-bd7f-7fbb94ec6e18	Свой человек	Джеффри Уайгэнда увольняют с поста вице-президента крупнейшей табачной компании за то, что он протестует против использования в табачной продукции компонента, вызывающего у курильщиков наркотическую зависимость. Лоуэлл Бергман, продюсер популярного телешоу, узнает об этом и убеждает Уайгэнда выступить с разоблачительным интервью по телевидению...\n\rЕстественно, это очень не нравится столпам табачной индустрии, заверяющих в безвредности производимой продукции. Олигархи принимают самые суровые меры, чтобы информация не стала достоянием гласности. От Уайгэнда уходит жена, Лоуэлла Бергмана отправляют в отпуск. Там, где задействованы большие деньги, бесполезно бороться за справедливость, но Лоуэлл и Уайгэнд не прекращают борьбу.	\N	\N	7.7	movie	2021-06-16 20:14:09.22371+00	2021-06-16 20:14:09.223726+00	112
991d143e-1342-4f7c-abf0-a9ede3abba20	Взвод	В сентябре 1967 года куда-то в приграничный район между Вьетнамом и Камбоджей прибыл рядовой 25-го пехотного полка Крис Тэйлор. Прибыл, чтобы своими глазами увидеть, как выглядит подлинный ад. Не потусторонний, вымышленный, сочинённый писателями или художниками, а натуральный, вполне земной ад, на территории которого схлестнулись друг с другом сержант Боб Барнс и сержант Илайес Гродин. Они тоже думали, что будут воевать с партизанами-вьетконговцами, но оказалось, что иногда приходится драться со своими.	\N	\N	8.1	movie	2021-06-16 20:14:09.231669+00	2021-06-16 20:14:09.231686+00	81
bfe61bd9-5dfd-41ca-80ae-8eca998bc29d	Однажды в Америке	В бурные двадцатые годы, когда Америка веселилась под звуки джаза, и каждый бродяга мечтал стать миллионером, в трущобах Нью-Йорка встретились несколько отчаянных парней. Убирая с дороги конкурентов, безжалостно карая предателей и нагло проворачивая хитроумные аферы, они стали королями преступного мира золотой эры «сухого закона». Они поклялись отдать жизнь друг за друга, зная, что самое главное для них — это дружба, долг и справедливость — не утопить в реках крови и бездонном океане денег. Спустя много лет судьба жестоко обошлась с легендарными гангстерами, заставив их исполнить свою клятву. Это случилось однажды в Америке…	\N	\N	7.4	movie	2021-06-16 20:14:09.22376+00	2021-06-16 20:14:09.223776+00	94
a9d52337-3249-49ae-92b8-65ee9ebaf359	Его девушка Пятница	Уолтер Берне — главный редактор газеты, Хильди Джонсон — его бывшая жена и лучший репортер. Однажды она сообщает Уолтеру, что выходит замуж и покидает газету. Уолтер все еще любит Хильди, да и лучшего сотрудника терять не хочет, поэтому он дает ей последнее задание — взять интервью у приговоренного к смерти Эрла Уильямса. Это будет ее лучший репортаж, вершина карьеры.	\N	\N	8	movie	2021-06-16 20:14:09.223819+00	2021-06-16 20:14:09.223835+00	91
fdfc8266-5ece-4d85-b614-3cfe9be97b71	Индиана Джонс и последний крестовый поход	На этот раз бесстрашный Индиана разыскивает самую таинственную реликвию в истории человечества — Святой Грааль. В этом археологу помогает его отец, профессор Джонс старший. Теперь под бдительным оком своего отца Индиане предстоит совершить много благородных подвигов и потрясающих открытий. В новых странствиях храброму археологу доведется добыть чашу, которую держал в руках Иисус Христос и получить автограф… самого Адольфа Гитлера.	\N	\N	7.8	movie	2021-06-16 20:14:09.223921+00	2021-06-16 20:14:09.223938+00	84
856bc547-0bae-4de5-8bcc-6d3f9e92d3eb	Великая иллюзия	Первая мировая война. Самолет французских летчиков Морешаля и Больде сбит немецким асом фон Рауффенштайном, но оба пилота остались живы и попали в лагерь для военнопленных. Там же находятся несколько британских офицеров, с которыми новички объединяются в работе над тоннелем для побега.\n\rПосле победы французов на Западном фронте Морешаля, Болдье и остальных французских военнопленных переводят в другую тюрьму, где комендантом назначен их «старый знакомый» фон Рауффенштайн. Комендант тепло встречает французов, замечая, что из «его» тюрьмы побег невозможен...	\N	\N	6.3	movie	2021-06-16 20:14:09.223975+00	2021-06-16 20:14:09.223991+00	118
d38c5a13-860e-478b-a645-e09d5d727244	Гладиатор	В великой Римской империи не было военачальника, равного генералу Максимусу. Непобедимые легионы, которыми командовал этот благородный воин, боготворили его и могли последовать за ним даже в ад.\n\rНо случилось так, что отважный Максимус, готовый сразиться с любым противником в честном бою, оказался бессилен против вероломных придворных интриг. Генерала предали и приговорили к смерти. Чудом избежав гибели, Максимус становится гладиатором.\n\rБыстро снискав себе славу в кровавых поединках, он оказывается в знаменитом римском Колизее, на арене которого он встретится в смертельной схватке со своим заклятым врагом...	\N	\N	7.3	movie	2021-06-16 20:14:09.224026+00	2021-06-16 20:14:09.224043+00	94
ddbc2fc3-389e-419f-a8fa-59e6cee10802	Спартак	История гладиатора Спартака, его возлюбленной Варинии и честолюбивого римского полководца Красса. Непреодолимая тяга к свободе заставляет Спартака поднять легендарное восстание рабов, ставшее важнейшей вехой мировой истории.	\N	\N	7.6	movie	2021-06-16 20:14:09.224078+00	2021-06-16 20:14:09.224094+00	91
192b3fc9-97e2-4260-91c6-a9b91a41e520	Назад в будущее	Подросток Марти с помощью машины времени, сооружённой его другом-профессором доком Брауном, попадает из 80-х в далекие 50-е. Там он встречается со своими будущими родителями, ещё подростками, и другом-профессором, совсем молодым.	\N	\N	5.5	movie	2021-06-16 20:14:09.224128+00	2021-06-16 20:14:09.224145+00	114
9c7dc26a-489d-4c08-9bba-6ae9dc8117f1	Магнолия	Эта история произошла в долине Сан-Фернандо в дождливый день, когда на небе не было ни облачка. Благодаря вмешательству высших сил, а также нагромождению совпадений, случайностей, действий разных людей, их жизни и судьбы переплетутся и проникнут друг в друга в течение одного дня, финал которого будет незабываемым.	\N	\N	7	movie	2021-06-16 20:14:09.224182+00	2021-06-16 20:14:09.224198+00	107
134989c3-3b20-4ae7-8092-3e8ad2333d59	Золотая лихорадка	История о злоключениях извечного любимца публики, маленького бродяги, который на этот раз отправляется на золотые прииски Аляски и как всегда порадует вас бесконечным калейдоскопом трюков и комических ситуаций.	\N	\N	2.1	movie	2021-06-16 20:14:09.224233+00	2021-06-16 20:14:09.224249+00	96
78efe505-6ef8-41f7-88ef-15840be2e680	Отточенное лезвие	Карл после совершенного им жестокого преступления провел двадцать пять лет в сумасшедшем доме. Возвратившись в город своей молодости, в один из южных штатов Америки, он ведет себя спокойно и разумно. Это помогает ему найти работу и подружиться с мальчиком и его матерью-вдовой. Однако появление отвратительного и грубого любовника этой женщины ставит Карла перед мучительным выбором и ведет к резким переменам в жизни всех, вовлеченных в эту историю.	\N	\N	6.7	movie	2021-06-16 20:14:09.225103+00	2021-06-16 20:14:09.225119+00	99
\.


--
-- Data for Name: genre; Type: TABLE DATA; Schema: content; Owner: app
--

COPY content.genre (id, name, description, created, modified) FROM stdin;
3d8d9bf5-0d90-4353-88ba-4ccc5d2c07ff	аниме	\N	2021-06-16 20:14:09.309735+00	2021-06-16 20:14:09.309765+00
120a21cf-9097-479e-904a-13dd7198c1dd	биографический	\N	2021-06-16 20:14:09.309818+00	2021-06-16 20:14:09.309836+00
b92ef010-5e4c-4fd0-99d6-41b6456272cd	боевик	\N	2021-06-16 20:14:09.309869+00	2021-06-16 20:14:09.309886+00
6c162475-c7ed-4461-9184-001ef3d9f26e	вестерн	\N	2021-06-16 20:14:09.309917+00	2021-06-16 20:14:09.309934+00
1cacff68-643e-4ddd-8f57-84b62538081a	военный	\N	2021-06-16 20:14:09.309965+00	2021-06-16 20:14:09.309981+00
56b541ab-4d66-4021-8708-397762bff2d4	детектив	\N	2021-06-16 20:14:09.310011+00	2021-06-16 20:14:09.310027+00
237fd1e4-c98e-454e-aa13-8a13fb7547b5	детский	\N	2021-06-16 20:14:09.310057+00	2021-06-16 20:14:09.310073+00
526769d7-df18-4661-9aa6-49ed24e9dfd8	документальный	\N	2021-06-16 20:14:09.310103+00	2021-06-16 20:14:09.310119+00
ca88141b-a6b4-450d-bbc3-efa940e4953f	драма	\N	2021-06-16 20:14:09.310149+00	2021-06-16 20:14:09.310165+00
5373d043-3f41-4ea8-9947-4b746c601bbd	триллер	\N	2021-06-16 20:14:09.310196+00	2021-06-16 20:14:09.310212+00
6a0a479b-cfec-41ac-b520-41b2b007b611	ужасы	\N	2021-06-16 20:14:09.310242+00	2021-06-16 20:14:09.310258+00
55c723c1-6d90-4a04-a44b-e9792040251a	фантастика	\N	2021-06-16 20:14:09.310288+00	2021-06-16 20:14:09.310304+00
ca124c76-9760-4406-bfa0-409b1e38d200	фэнтези	\N	2021-06-16 20:14:09.310333+00	2021-06-16 20:14:09.31035+00
9c91a5b2-eb70-4889-8581-ebe427370edd	эротика	\N	2021-06-16 20:14:09.310379+00	2021-06-16 20:14:09.310395+00
63c24835-34d3-4279-8d81-3c5f4ddb0cdc	исторический	\N	2021-06-16 20:14:09.310425+00	2021-06-16 20:14:09.310441+00
a886d0ec-c3f3-4b16-b973-dedcf5bfa395	кинокомикс	\N	2021-06-16 20:14:09.310471+00	2021-06-16 20:14:09.310487+00
0b105f87-e0a5-45dc-8ce7-f8632088f390	комедия	\N	2021-06-16 20:14:09.310517+00	2021-06-16 20:14:09.310533+00
6d141ad2-d407-4252-bda4-95590aaf062a	концерт	\N	2021-06-16 20:14:09.310563+00	2021-06-16 20:14:09.310579+00
eb7212a7-dd10-4552-bf7b-7a505a8c0b95	короткометражный	\N	2021-06-16 20:14:09.310609+00	2021-06-16 20:14:09.310627+00
c020dab2-e9bd-4758-95ca-dbe363462173	криминал	\N	2021-06-16 20:14:09.310673+00	2021-06-16 20:14:09.31069+00
fb58fd7f-7afd-447f-b833-e51e45e2a778	мелодрама	\N	2021-06-16 20:14:09.310721+00	2021-06-16 20:14:09.310737+00
e508c1c8-24c0-4136-80b4-340c4befb190	мистика	\N	2021-06-16 20:14:09.310767+00	2021-06-16 20:14:09.310784+00
f39d7b6d-aef2-40b1-aaf0-cf05e7048011	музыка	\N	2021-06-16 20:14:09.310814+00	2021-06-16 20:14:09.31083+00
2f89e116-4827-4ff4-853c-b6e058f71e31	мультфильм	\N	2021-06-16 20:14:09.310861+00	2021-06-16 20:14:09.310878+00
31cabbb5-6389-45c6-9b48-f7f173f6c40f	мюзикл	\N	2021-06-16 20:14:09.310908+00	2021-06-16 20:14:09.310924+00
f24fd632-b1a5-4273-a835-0119bd12f829	научный	\N	2021-06-16 20:14:09.310955+00	2021-06-16 20:14:09.310972+00
\.


--
-- Data for Name: genre_film_work; Type: TABLE DATA; Schema: content; Owner: app
--

COPY content.genre_film_work (id, genre_id, film_work_id, created) FROM stdin;
73ae3a9f-c768-419b-a3ec-a7711e179529	b92ef010-5e4c-4fd0-99d6-41b6456272cd	b503ced6-fff1-493a-ad41-73449b55ffee	2021-06-16 20:14:09.580106+00
9a8a0e65-28bc-4a83-afa2-50b976c5eb0f	3d8d9bf5-0d90-4353-88ba-4ccc5d2c07ff	c9e1f6f0-4f1e-4a76-92ee-76c1942faa97	2021-06-16 20:14:09.580197+00
1c03cfda-fc8e-4447-968d-f20898377ec7	120a21cf-9097-479e-904a-13dd7198c1dd	025c58cd-1b7e-43be-9ffb-8571a613579b	2021-06-16 20:14:09.580778+00
e374ba83-01b9-473c-a0c9-97281a0cd197	6c162475-c7ed-4461-9184-001ef3d9f26e	4af6c9c9-0be0-4864-b1e9-7f87dd59ee1f	2021-06-16 20:14:09.581715+00
e73a2ed3-860c-4392-93ff-3c0d80b314e7	6c162475-c7ed-4461-9184-001ef3d9f26e	a7b11817-205f-4e1a-98b5-e3c48b824bc3	2021-06-16 20:14:09.581756+00
d04ab55e-ae83-4e93-9182-3634def8406f	120a21cf-9097-479e-904a-13dd7198c1dd	1b7d7c64-8be8-47db-8924-23029a9878a9	2021-06-16 20:14:09.583025+00
4441fa14-2245-497d-9bf1-78356cc72fce	6c162475-c7ed-4461-9184-001ef3d9f26e	6ecc7a32-14a1-4da8-9881-bf81f0f09897	2021-06-16 20:14:09.583341+00
3f5fd1af-3463-439a-8b3d-7a3cc6ce0317	120a21cf-9097-479e-904a-13dd7198c1dd	0312ed51-8833-413f-bff5-0e139c11264a	2021-06-16 20:14:09.583785+00
df8e668c-e0bc-4bf3-baf4-031ee7fcfab8	b92ef010-5e4c-4fd0-99d6-41b6456272cd	8cc3c3aa-e531-4eeb-a707-08119024b3ea	2021-06-16 20:14:09.584209+00
868cf711-480c-48ff-ae27-1bd4ae3b8440	6c162475-c7ed-4461-9184-001ef3d9f26e	c9e1f6f0-4f1e-4a76-92ee-76c1942faa97	2021-06-16 20:14:09.584633+00
9db02d9c-fa21-4c7e-8129-31e665a1566b	3d8d9bf5-0d90-4353-88ba-4ccc5d2c07ff	3d825f60-9fff-4dfe-b294-1a45fa1e115d	2021-06-16 20:14:09.585647+00
acbda6b1-c1e8-4ce9-b9c4-a129cd4b200a	55c723c1-6d90-4a04-a44b-e9792040251a	a9d52337-3249-49ae-92b8-65ee9ebaf359	2021-06-16 20:14:09.587631+00
d8b34b38-c60b-40d0-a49f-84b8d0f89d43	120a21cf-9097-479e-904a-13dd7198c1dd	50fb4de9-e4b3-4aca-9f2f-00a48f12f9b3	2021-06-16 20:14:09.588719+00
21cabe1c-21d3-4a1c-9f7e-abac8491eecb	3d8d9bf5-0d90-4353-88ba-4ccc5d2c07ff	fdfc8266-5ece-4d85-b614-3cfe9be97b71	2021-06-16 20:14:09.589176+00
95549d3a-ec4e-423f-b918-43e6c27d7d4f	526769d7-df18-4661-9aa6-49ed24e9dfd8	50fb4de9-e4b3-4aca-9f2f-00a48f12f9b3	2021-06-16 20:14:09.589571+00
f69cdfd8-78e5-4b27-9d0a-0eb5260212eb	3d8d9bf5-0d90-4353-88ba-4ccc5d2c07ff	118fd71b-93cd-4de5-95a4-e1485edad30e	2021-06-16 20:14:09.589759+00
ab9c5d1e-4c4f-44e0-ae09-0e87fffdd370	ca88141b-a6b4-450d-bbc3-efa940e4953f	b1384a92-f7fe-476b-b90b-6cec2b7a0dce	2021-06-16 20:14:09.590635+00
8b7f874b-4232-425e-8cb0-c1564bf1d377	6c162475-c7ed-4461-9184-001ef3d9f26e	3d825f60-9fff-4dfe-b294-1a45fa1e115d	2021-06-16 20:14:09.590673+00
9e3e324a-b3a9-45e4-977e-21582c65c172	3d8d9bf5-0d90-4353-88ba-4ccc5d2c07ff	82297925-80cc-4c47-b6cf-6b5e06e23b70	2021-06-16 20:14:09.59071+00
412bb358-0cdf-4d5b-9427-e5b5427037b7	55c723c1-6d90-4a04-a44b-e9792040251a	db5dcded-29da-4c96-91a2-df1407f0a80a	2021-06-16 20:14:09.591518+00
6f702120-97b9-4b05-97be-608d63bd07f0	237fd1e4-c98e-454e-aa13-8a13fb7547b5	319df05f-c5d9-4389-a84a-a43e695bf048	2021-06-16 20:14:09.591572+00
d7bcf6f6-b5e5-4475-aa3d-f4d1a380f846	6a0a479b-cfec-41ac-b520-41b2b007b611	fdfc8266-5ece-4d85-b614-3cfe9be97b71	2021-06-16 20:14:09.591986+00
a279ce18-6f50-4d45-8506-d0d657a7ca8e	120a21cf-9097-479e-904a-13dd7198c1dd	516f91da-bd70-4351-ba6d-25e16b7713b7	2021-06-16 20:14:09.592555+00
e3fc4064-8a4a-45ba-9f8d-40032ac6641c	1cacff68-643e-4ddd-8f57-84b62538081a	4b6977e2-b3db-4f04-b83e-f091c6fcd49c	2021-06-16 20:14:09.593132+00
7ba20767-47c8-415a-b8f0-1adccf4aac25	237fd1e4-c98e-454e-aa13-8a13fb7547b5	4b6977e2-b3db-4f04-b83e-f091c6fcd49c	2021-06-16 20:14:09.59429+00
6a516c2c-9bdd-482f-958e-bca8b4f105a0	120a21cf-9097-479e-904a-13dd7198c1dd	47050db6-580f-493c-a007-a11c8768ce1b	2021-06-16 20:14:09.594554+00
4c4e3bc3-7b3e-4cd6-a4a9-ce90f8b2ee2c	3d8d9bf5-0d90-4353-88ba-4ccc5d2c07ff	98167b6e-8d41-4378-9fc3-ee998677e6cb	2021-06-16 20:14:09.594664+00
6f935cc6-45fd-4253-84ae-ab7e9c09d7a9	6c162475-c7ed-4461-9184-001ef3d9f26e	fdfc8266-5ece-4d85-b614-3cfe9be97b71	2021-06-16 20:14:09.594775+00
7a63129f-5de1-4a60-9c75-084d75359756	1cacff68-643e-4ddd-8f57-84b62538081a	fda827f8-d261-4c23-9e9c-e42787580c4d	2021-06-16 20:14:09.594887+00
631a765a-281d-4174-ace2-86f5640a2932	1cacff68-643e-4ddd-8f57-84b62538081a	496f504e-20fa-4dfd-b4cb-c7c4ef636e07	2021-06-16 20:14:09.595483+00
ffabd27b-f2e6-422a-9d46-9ede25baff5a	6c162475-c7ed-4461-9184-001ef3d9f26e	118fd71b-93cd-4de5-95a4-e1485edad30e	2021-06-16 20:14:09.59552+00
85620f56-9755-4b28-ae91-fc962ee3a2a7	5373d043-3f41-4ea8-9947-4b746c601bbd	4b6977e2-b3db-4f04-b83e-f091c6fcd49c	2021-06-16 20:14:09.595908+00
e456432f-f5a1-42b5-aa4d-381020c08bd1	3d8d9bf5-0d90-4353-88ba-4ccc5d2c07ff	de5347cf-a70d-430f-8005-786326e28794	2021-06-16 20:14:09.595945+00
1fb0bf28-4a3d-4efa-88bf-dce8f10e1f84	6c162475-c7ed-4461-9184-001ef3d9f26e	82297925-80cc-4c47-b6cf-6b5e06e23b70	2021-06-16 20:14:09.596498+00
9e6b7b9a-b1a1-42c2-9fbf-26b4213adb99	1cacff68-643e-4ddd-8f57-84b62538081a	78efe505-6ef8-41f7-88ef-15840be2e680	2021-06-16 20:14:09.596724+00
191f7583-c927-4db9-bb00-022fad468364	3d8d9bf5-0d90-4353-88ba-4ccc5d2c07ff	c4c5e3de-c0c9-4091-b242-ceb331004dfd	2021-06-16 20:14:09.597064+00
817d72ea-2549-41e6-bbb3-01675b90361d	120a21cf-9097-479e-904a-13dd7198c1dd	b503ced6-fff1-493a-ad41-73449b55ffee	2021-06-16 20:14:09.598041+00
f0576344-d63e-44f3-9eac-c61f8e7fbd98	3d8d9bf5-0d90-4353-88ba-4ccc5d2c07ff	6e5cd268-8ce4-45f9-87d2-52f0f26edc9e	2021-06-16 20:14:09.598079+00
3ce8481a-9832-464c-82f6-29ff0c9864a8	6c162475-c7ed-4461-9184-001ef3d9f26e	50d842be-bcda-401e-90de-b06929611ce0	2021-06-16 20:14:09.598154+00
474e76e0-19f9-4047-a1dc-15460582c763	120a21cf-9097-479e-904a-13dd7198c1dd	a9d52337-3249-49ae-92b8-65ee9ebaf359	2021-06-16 20:14:09.59899+00
38a301a1-4fd0-4981-af27-42fffd224ba2	6c162475-c7ed-4461-9184-001ef3d9f26e	98167b6e-8d41-4378-9fc3-ee998677e6cb	2021-06-16 20:14:09.599475+00
a6e9d30d-31b1-456c-8bb0-3ec28a07951d	b92ef010-5e4c-4fd0-99d6-41b6456272cd	12a8279d-d851-4eb9-9d64-d690455277cc	2021-06-16 20:14:09.599623+00
92ed15b5-8757-4033-998f-28b423b974d3	6c162475-c7ed-4461-9184-001ef3d9f26e	de5347cf-a70d-430f-8005-786326e28794	2021-06-16 20:14:09.600819+00
c5c17701-5bf0-4ab0-8b8a-85c9c0838a86	3d8d9bf5-0d90-4353-88ba-4ccc5d2c07ff	025c58cd-1b7e-43be-9ffb-8571a613579b	2021-06-16 20:14:09.601121+00
53776088-a748-4eb0-9ef7-eb7bdd78ee4e	1cacff68-643e-4ddd-8f57-84b62538081a	a144d250-6667-47e4-94bd-0ee59c0dc05f	2021-06-16 20:14:09.602167+00
fb3b1968-ad9c-4cf8-b7d8-eca4ef8351d2	120a21cf-9097-479e-904a-13dd7198c1dd	db5dcded-29da-4c96-91a2-df1407f0a80a	2021-06-16 20:14:09.602352+00
c0b8fe6c-7e02-48f4-a3db-07c85cfc2ccb	3d8d9bf5-0d90-4353-88ba-4ccc5d2c07ff	0312ed51-8833-413f-bff5-0e139c11264a	2021-06-16 20:14:09.604348+00
ac38f67a-ff4d-41ee-acf4-d5ac64153d7a	1cacff68-643e-4ddd-8f57-84b62538081a	47050db6-580f-493c-a007-a11c8768ce1b	2021-06-16 20:14:09.604421+00
d4867c5a-efaa-495d-bf25-cd6a8c07313b	6c162475-c7ed-4461-9184-001ef3d9f26e	025c58cd-1b7e-43be-9ffb-8571a613579b	2021-06-16 20:14:09.605607+00
05a3b03e-eaf1-4b95-aeec-e8094ae76cd0	120a21cf-9097-479e-904a-13dd7198c1dd	37c6cd37-1222-4470-9221-3170367d134b	2021-06-16 20:14:09.605645+00
690519c3-b34b-49a9-9581-294f22aeaa19	3d8d9bf5-0d90-4353-88ba-4ccc5d2c07ff	6ecc7a32-14a1-4da8-9881-bf81f0f09897	2021-06-16 20:14:09.605794+00
685224b3-e738-4191-9bed-c60b6983457c	120a21cf-9097-479e-904a-13dd7198c1dd	2bfc0f50-7a88-4d4c-bbf8-f839c6150e7e	2021-06-16 20:14:09.607588+00
948c3e2e-6560-4b49-9ef0-67dd644a1562	6c162475-c7ed-4461-9184-001ef3d9f26e	1b7d7c64-8be8-47db-8924-23029a9878a9	2021-06-16 20:14:09.607736+00
5084924d-4eb3-4676-bcf3-4f16591f535c	237fd1e4-c98e-454e-aa13-8a13fb7547b5	ddbc2fc3-389e-419f-a8fa-59e6cee10802	2021-06-16 20:14:09.608367+00
3ab3a0ed-e298-4611-98cd-4a1b390fed92	6c162475-c7ed-4461-9184-001ef3d9f26e	0312ed51-8833-413f-bff5-0e139c11264a	2021-06-16 20:14:09.608552+00
8368f6ec-5d16-4ee7-af40-81d8f32b86af	3d8d9bf5-0d90-4353-88ba-4ccc5d2c07ff	50fb4de9-e4b3-4aca-9f2f-00a48f12f9b3	2021-06-16 20:14:09.608796+00
c538e8d8-39e1-440f-9c9f-5db39a8083c1	120a21cf-9097-479e-904a-13dd7198c1dd	cddf9b8f-27f9-4fe9-97cb-9e27d4fe3394	2021-06-16 20:14:09.609343+00
1c19ae4f-50e5-42af-8d72-aa08a84ac25c	b92ef010-5e4c-4fd0-99d6-41b6456272cd	82297925-80cc-4c47-b6cf-6b5e06e23b70	2021-06-16 20:14:09.609716+00
2facf051-8a3f-4bfe-8564-d3506d104515	5373d043-3f41-4ea8-9947-4b746c601bbd	856bc547-0bae-4de5-8bcc-6d3f9e92d3eb	2021-06-16 20:14:09.609939+00
9291f348-9555-427c-bb52-d36274b0ea8b	55c723c1-6d90-4a04-a44b-e9792040251a	134989c3-3b20-4ae7-8092-3e8ad2333d59	2021-06-16 20:14:09.610052+00
642d1e23-fb5e-4199-8631-9c69dc1bc6eb	3d8d9bf5-0d90-4353-88ba-4ccc5d2c07ff	cc397479-a5f8-488f-bd7f-7fbb94ec6e18	2021-06-16 20:14:09.610349+00
524ea970-c316-45ce-a7c4-a6e45a0bb0e9	120a21cf-9097-479e-904a-13dd7198c1dd	3b914679-1f5e-4cbd-8044-d13d35d5236c	2021-06-16 20:14:09.611054+00
70ab3eff-f05a-4155-9674-8acf008a1292	120a21cf-9097-479e-904a-13dd7198c1dd	9d284e83-21f0-4073-aac0-4abee51193d8	2021-06-16 20:14:09.611277+00
e9c7b0eb-4c19-40de-a5d4-9ecb6cff2765	3d8d9bf5-0d90-4353-88ba-4ccc5d2c07ff	516f91da-bd70-4351-ba6d-25e16b7713b7	2021-06-16 20:14:09.61161+00
6132100d-7e4d-4d18-99a3-600657a82326	526769d7-df18-4661-9aa6-49ed24e9dfd8	9d284e83-21f0-4073-aac0-4abee51193d8	2021-06-16 20:14:09.611758+00
261392bd-2a32-48c4-a364-d6980a6856ac	ca124c76-9760-4406-bfa0-409b1e38d200	78efe505-6ef8-41f7-88ef-15840be2e680	2021-06-16 20:14:09.612439+00
0d9a071c-0978-44a4-8c3a-40f7ddc22509	6c162475-c7ed-4461-9184-001ef3d9f26e	50fb4de9-e4b3-4aca-9f2f-00a48f12f9b3	2021-06-16 20:14:09.613809+00
1f20be74-5c3d-446c-a558-0502507a3b50	120a21cf-9097-479e-904a-13dd7198c1dd	57beb3fd-b1c9-4f8a-9c06-2da13f95251c	2021-06-16 20:14:09.61411+00
71a2029f-36f2-4417-84dd-20668b6c0a5f	ca88141b-a6b4-450d-bbc3-efa940e4953f	a7b11817-205f-4e1a-98b5-e3c48b824bc3	2021-06-16 20:14:09.615394+00
ec720fe7-e536-4021-b2bc-828c79436d98	6c162475-c7ed-4461-9184-001ef3d9f26e	cc397479-a5f8-488f-bd7f-7fbb94ec6e18	2021-06-16 20:14:09.61566+00
d823b107-81d8-4938-a852-1ed65e928c23	b92ef010-5e4c-4fd0-99d6-41b6456272cd	c4c5e3de-c0c9-4091-b242-ceb331004dfd	2021-06-16 20:14:09.615997+00
2fb03a7b-0f4e-4483-a284-a29493a0191d	b92ef010-5e4c-4fd0-99d6-41b6456272cd	46f15353-2add-415d-9782-fa9c5b8083d5	2021-06-16 20:14:09.616467+00
71805d3c-b7a7-45e8-a42e-f8f7817c9e3c	120a21cf-9097-479e-904a-13dd7198c1dd	b1384a92-f7fe-476b-b90b-6cec2b7a0dce	2021-06-16 20:14:09.616769+00
9ae707ee-1068-4b8c-b993-29f6de14caf2	120a21cf-9097-479e-904a-13dd7198c1dd	12a8279d-d851-4eb9-9d64-d690455277cc	2021-06-16 20:14:09.617041+00
110c19c6-c440-4025-9207-b09f2d759110	6c162475-c7ed-4461-9184-001ef3d9f26e	516f91da-bd70-4351-ba6d-25e16b7713b7	2021-06-16 20:14:09.617419+00
777aae19-f080-466d-a55c-dc591d738a27	ca88141b-a6b4-450d-bbc3-efa940e4953f	bfe61bd9-5dfd-41ca-80ae-8eca998bc29d	2021-06-16 20:14:09.617944+00
6de01d37-4718-4ee9-bce2-6ba5c7c3aba6	120a21cf-9097-479e-904a-13dd7198c1dd	511b8ae8-f59d-450e-b9a2-22aabba2693b	2021-06-16 20:14:09.61893+00
2b865c8f-a431-4b25-9ca1-4f40ed782486	3d8d9bf5-0d90-4353-88ba-4ccc5d2c07ff	a9d52337-3249-49ae-92b8-65ee9ebaf359	2021-06-16 20:14:09.619005+00
a3f36e8c-7267-4bd9-8a9b-74476fe01591	6c162475-c7ed-4461-9184-001ef3d9f26e	47050db6-580f-493c-a007-a11c8768ce1b	2021-06-16 20:14:09.61932+00
3c2f08ca-43cb-44f8-bcdc-3f2a989cff3a	526769d7-df18-4661-9aa6-49ed24e9dfd8	511b8ae8-f59d-450e-b9a2-22aabba2693b	2021-06-16 20:14:09.619476+00
204cb63e-8880-41be-bc7e-03b0768fecbb	120a21cf-9097-479e-904a-13dd7198c1dd	a144d250-6667-47e4-94bd-0ee59c0dc05f	2021-06-16 20:14:09.619813+00
3c5a3bd6-afd8-4073-9455-52fc7e886d2e	55c723c1-6d90-4a04-a44b-e9792040251a	8cc3c3aa-e531-4eeb-a707-08119024b3ea	2021-06-16 20:14:09.620042+00
5740d6a8-cb7b-4d5e-8e05-cdad16d40342	b92ef010-5e4c-4fd0-99d6-41b6456272cd	025c58cd-1b7e-43be-9ffb-8571a613579b	2021-06-16 20:14:09.62008+00
61ea339f-4a75-40ed-859f-adabfce4df8d	6a0a479b-cfec-41ac-b520-41b2b007b611	a9d52337-3249-49ae-92b8-65ee9ebaf359	2021-06-16 20:14:09.620569+00
f6c886bf-70aa-4584-b9f4-364c119dc596	120a21cf-9097-479e-904a-13dd7198c1dd	134989c3-3b20-4ae7-8092-3e8ad2333d59	2021-06-16 20:14:09.620607+00
a4b7cf73-ce08-4d51-beda-20ce5a56f7a2	3d8d9bf5-0d90-4353-88ba-4ccc5d2c07ff	50d842be-bcda-401e-90de-b06929611ce0	2021-06-16 20:14:09.620644+00
0aaa24ae-adbd-45ea-9f4d-2743a709db40	3d8d9bf5-0d90-4353-88ba-4ccc5d2c07ff	db5dcded-29da-4c96-91a2-df1407f0a80a	2021-06-16 20:14:09.62188+00
d53f0c8c-a78f-464c-998b-f5ba475c336f	5373d043-3f41-4ea8-9947-4b746c601bbd	192b3fc9-97e2-4260-91c6-a9b91a41e520	2021-06-16 20:14:09.621991+00
07ea5b5a-4aa6-4cc7-a77d-0b6e7e6fc7ee	6c162475-c7ed-4461-9184-001ef3d9f26e	856bc547-0bae-4de5-8bcc-6d3f9e92d3eb	2021-06-16 20:14:09.622215+00
922393d9-9ffb-4f86-8b1b-4ff34a067aab	6c162475-c7ed-4461-9184-001ef3d9f26e	b503ced6-fff1-493a-ad41-73449b55ffee	2021-06-16 20:14:09.62283+00
03640ff1-2e86-44b0-b1b6-b994b84280a2	6c162475-c7ed-4461-9184-001ef3d9f26e	a9d52337-3249-49ae-92b8-65ee9ebaf359	2021-06-16 20:14:09.623542+00
eb4aef44-2061-497f-80d8-6d8f3bd7c2ce	237fd1e4-c98e-454e-aa13-8a13fb7547b5	fda827f8-d261-4c23-9e9c-e42787580c4d	2021-06-16 20:14:09.623617+00
28700064-1193-40ca-b63b-5ad2bcbf7e9d	6a0a479b-cfec-41ac-b520-41b2b007b611	db5dcded-29da-4c96-91a2-df1407f0a80a	2021-06-16 20:14:09.623989+00
3a94d8ce-fb31-4edc-ad77-2ebce65e15b1	120a21cf-9097-479e-904a-13dd7198c1dd	991d143e-1342-4f7c-abf0-a9ede3abba20	2021-06-16 20:14:09.624289+00
fb60100e-5b33-4fd5-a0d3-1f924604d405	1cacff68-643e-4ddd-8f57-84b62538081a	bfe61bd9-5dfd-41ca-80ae-8eca998bc29d	2021-06-16 20:14:09.625306+00
d0bde389-c42d-4ee1-b242-9f8fc5338a13	6c162475-c7ed-4461-9184-001ef3d9f26e	db5dcded-29da-4c96-91a2-df1407f0a80a	2021-06-16 20:14:09.626729+00
0775bb2f-2e20-4021-a2cd-17a0e1565dbc	1cacff68-643e-4ddd-8f57-84b62538081a	c9e1f6f0-4f1e-4a76-92ee-76c1942faa97	2021-06-16 20:14:09.626878+00
21d30304-05d1-4f83-a95b-30bf463af7e2	1cacff68-643e-4ddd-8f57-84b62538081a	d38c5a13-860e-478b-a645-e09d5d727244	2021-06-16 20:14:09.62856+00
84e702e4-58d5-4143-9266-4ce2146d4db9	237fd1e4-c98e-454e-aa13-8a13fb7547b5	d38c5a13-860e-478b-a645-e09d5d727244	2021-06-16 20:14:09.629706+00
57a98ea4-5a15-4668-b34a-b6a3c07c276f	120a21cf-9097-479e-904a-13dd7198c1dd	8cc3c3aa-e531-4eeb-a707-08119024b3ea	2021-06-16 20:14:09.630343+00
f3fa4be2-a4fd-41b2-a32c-fede08e8cf55	6c162475-c7ed-4461-9184-001ef3d9f26e	37c6cd37-1222-4470-9221-3170367d134b	2021-06-16 20:14:09.630828+00
b1071114-bc76-44f0-87ef-73af4a3307b8	120a21cf-9097-479e-904a-13dd7198c1dd	b1f1e8a6-e310-47d9-a93c-6a7b192bac0e	2021-06-16 20:14:09.631014+00
f4d5a3fd-fb64-4b1a-bde2-67fd04d12c5f	b92ef010-5e4c-4fd0-99d6-41b6456272cd	516f91da-bd70-4351-ba6d-25e16b7713b7	2021-06-16 20:14:09.631275+00
f311bf33-971e-42b6-bd77-8f4ecc32f370	3d8d9bf5-0d90-4353-88ba-4ccc5d2c07ff	3b914679-1f5e-4cbd-8044-d13d35d5236c	2021-06-16 20:14:09.631614+00
4b514da0-6338-4267-bbb1-bc4bd9283c21	526769d7-df18-4661-9aa6-49ed24e9dfd8	b1f1e8a6-e310-47d9-a93c-6a7b192bac0e	2021-06-16 20:14:09.632136+00
726f9c79-ffda-48a8-8098-3339a55cda6a	6c162475-c7ed-4461-9184-001ef3d9f26e	2bfc0f50-7a88-4d4c-bbf8-f839c6150e7e	2021-06-16 20:14:09.632998+00
d323256c-aa1f-445e-9a6b-0b21c173281c	b92ef010-5e4c-4fd0-99d6-41b6456272cd	3d825f60-9fff-4dfe-b294-1a45fa1e115d	2021-06-16 20:14:09.633149+00
fde587ec-e282-47db-b3c1-e9f6fe603eee	ca88141b-a6b4-450d-bbc3-efa940e4953f	98167b6e-8d41-4378-9fc3-ee998677e6cb	2021-06-16 20:14:09.633338+00
0293ba3b-4a00-4bd0-a11e-786a289ec9a4	120a21cf-9097-479e-904a-13dd7198c1dd	c4c5e3de-c0c9-4091-b242-ceb331004dfd	2021-06-16 20:14:09.63356+00
eef428b7-461e-473e-9078-1a375fea185d	120a21cf-9097-479e-904a-13dd7198c1dd	46f15353-2add-415d-9782-fa9c5b8083d5	2021-06-16 20:14:09.633972+00
cbce0e85-a59b-483f-af4d-c08173f4595f	120a21cf-9097-479e-904a-13dd7198c1dd	6e5cd268-8ce4-45f9-87d2-52f0f26edc9e	2021-06-16 20:14:09.634753+00
18e88ad4-cfb8-4083-8919-fe99a51369cf	6c162475-c7ed-4461-9184-001ef3d9f26e	cddf9b8f-27f9-4fe9-97cb-9e27d4fe3394	2021-06-16 20:14:09.635228+00
3fa2e721-a3f3-4173-a009-f544efdb069e	ca124c76-9760-4406-bfa0-409b1e38d200	319df05f-c5d9-4389-a84a-a43e695bf048	2021-06-16 20:14:09.636651+00
cc27ccd2-15f2-4993-b7f5-f9503a7e2eb1	1cacff68-643e-4ddd-8f57-84b62538081a	fdfc8266-5ece-4d85-b614-3cfe9be97b71	2021-06-16 20:14:09.637135+00
b5d0e5ec-671a-4bb3-b2ec-176cac841e9e	6c162475-c7ed-4461-9184-001ef3d9f26e	3b914679-1f5e-4cbd-8044-d13d35d5236c	2021-06-16 20:14:09.637287+00
9f788dbe-97e8-4f61-a5f4-c8fc78cebb02	b92ef010-5e4c-4fd0-99d6-41b6456272cd	fdfc8266-5ece-4d85-b614-3cfe9be97b71	2021-06-16 20:14:09.637398+00
42cdf21b-5e6d-40ad-9f2b-f7adf6125c02	6c162475-c7ed-4461-9184-001ef3d9f26e	9d284e83-21f0-4073-aac0-4abee51193d8	2021-06-16 20:14:09.637545+00
8a0fbfd6-dfc9-4aca-bf3d-829c02bd0bea	3d8d9bf5-0d90-4353-88ba-4ccc5d2c07ff	b1384a92-f7fe-476b-b90b-6cec2b7a0dce	2021-06-16 20:14:09.637582+00
ae1774a1-5007-45de-b28a-edaa32efee04	3d8d9bf5-0d90-4353-88ba-4ccc5d2c07ff	12a8279d-d851-4eb9-9d64-d690455277cc	2021-06-16 20:14:09.637841+00
51e0336c-2d62-403d-8858-a869e1d5c3da	b92ef010-5e4c-4fd0-99d6-41b6456272cd	a9d52337-3249-49ae-92b8-65ee9ebaf359	2021-06-16 20:14:09.638437+00
c0371ccd-fe38-4e27-b37a-0693d5d7fa28	3d8d9bf5-0d90-4353-88ba-4ccc5d2c07ff	511b8ae8-f59d-450e-b9a2-22aabba2693b	2021-06-16 20:14:09.639408+00
02c14872-399a-4449-9e34-9072fae77866	6c162475-c7ed-4461-9184-001ef3d9f26e	57beb3fd-b1c9-4f8a-9c06-2da13f95251c	2021-06-16 20:14:09.640486+00
26d2d715-7755-4b3d-a3f6-4b85ffc7b9a9	3d8d9bf5-0d90-4353-88ba-4ccc5d2c07ff	a144d250-6667-47e4-94bd-0ee59c0dc05f	2021-06-16 20:14:09.640561+00
b18e691d-ed96-464e-af3c-350fecb7830f	9c91a5b2-eb70-4889-8581-ebe427370edd	ddbc2fc3-389e-419f-a8fa-59e6cee10802	2021-06-16 20:14:09.641376+00
a0b44d00-23e3-44b6-bb24-0dcb376796a6	120a21cf-9097-479e-904a-13dd7198c1dd	4af6c9c9-0be0-4864-b1e9-7f87dd59ee1f	2021-06-16 20:14:09.642006+00
2c508f44-6114-4d91-887a-d05a79eed00c	120a21cf-9097-479e-904a-13dd7198c1dd	a7b11817-205f-4e1a-98b5-e3c48b824bc3	2021-06-16 20:14:09.642046+00
bc6c4e50-3e2e-4636-8468-5328e4c317e0	6c162475-c7ed-4461-9184-001ef3d9f26e	b1384a92-f7fe-476b-b90b-6cec2b7a0dce	2021-06-16 20:14:09.642752+00
77b4e760-33ac-47ce-a70a-5146594524c2	6c162475-c7ed-4461-9184-001ef3d9f26e	12a8279d-d851-4eb9-9d64-d690455277cc	2021-06-16 20:14:09.642936+00
e3428897-b128-4a21-a594-ddbc39b6c993	3d8d9bf5-0d90-4353-88ba-4ccc5d2c07ff	47050db6-580f-493c-a007-a11c8768ce1b	2021-06-16 20:14:09.643085+00
e1ae714d-57c1-4ad2-aab9-cc574d0c4e53	120a21cf-9097-479e-904a-13dd7198c1dd	6ecc7a32-14a1-4da8-9881-bf81f0f09897	2021-06-16 20:14:09.643937+00
d494c780-c238-4349-ba1d-079e09877b1e	6c162475-c7ed-4461-9184-001ef3d9f26e	d38c5a13-860e-478b-a645-e09d5d727244	2021-06-16 20:14:09.644232+00
6c4f5a27-2f54-4263-a3a0-1e38224b13b5	6c162475-c7ed-4461-9184-001ef3d9f26e	511b8ae8-f59d-450e-b9a2-22aabba2693b	2021-06-16 20:14:09.644643+00
1e5f62dd-c592-4501-aa9f-5d7632aa7076	3d8d9bf5-0d90-4353-88ba-4ccc5d2c07ff	9c7dc26a-489d-4c08-9bba-6ae9dc8117f1	2021-06-16 20:14:09.644753+00
34768689-cf06-4f99-8d59-28cb08747049	55c723c1-6d90-4a04-a44b-e9792040251a	fdfc8266-5ece-4d85-b614-3cfe9be97b71	2021-06-16 20:14:09.645125+00
403768fb-1f12-4f72-9ba1-f6488218eb13	3d8d9bf5-0d90-4353-88ba-4ccc5d2c07ff	991d143e-1342-4f7c-abf0-a9ede3abba20	2021-06-16 20:14:09.645581+00
e14a61fd-f14e-45b3-9af6-bfcc9eff4d0e	6c162475-c7ed-4461-9184-001ef3d9f26e	a144d250-6667-47e4-94bd-0ee59c0dc05f	2021-06-16 20:14:09.645701+00
59d025d4-6205-488e-b192-5f0952b05e51	120a21cf-9097-479e-904a-13dd7198c1dd	c9e1f6f0-4f1e-4a76-92ee-76c1942faa97	2021-06-16 20:14:09.646249+00
dffa370d-c695-4722-8cbf-e9d7f6043695	6d141ad2-d407-4252-bda4-95590aaf062a	31231ab7-f5ab-4d7c-a10c-1448371380ea	2021-06-16 20:14:09.646407+00
ee6b8ebb-5906-4bb4-b6dc-ce55a2757805	56b541ab-4d66-4021-8708-397762bff2d4	fda827f8-d261-4c23-9e9c-e42787580c4d	2021-06-16 20:14:09.646778+00
bfac4149-fd14-4850-be0a-3d8dcd1e3056	3d8d9bf5-0d90-4353-88ba-4ccc5d2c07ff	b503ced6-fff1-493a-ad41-73449b55ffee	2021-06-16 20:14:09.647152+00
96dd4d14-5175-48b3-8b8f-e4b943c0b7e1	6c162475-c7ed-4461-9184-001ef3d9f26e	134989c3-3b20-4ae7-8092-3e8ad2333d59	2021-06-16 20:14:09.647226+00
a332d90e-7575-41fd-beaa-fa948f78af69	6a0a479b-cfec-41ac-b520-41b2b007b611	9c7dc26a-489d-4c08-9bba-6ae9dc8117f1	2021-06-16 20:14:09.647301+00
f18ac842-c04b-49f0-b48b-ff1bb029fc60	56b541ab-4d66-4021-8708-397762bff2d4	496f504e-20fa-4dfd-b4cb-c7c4ef636e07	2021-06-16 20:14:09.647486+00
16a0fd24-58ba-49db-88f8-25f7f9d8aa96	5373d043-3f41-4ea8-9947-4b746c601bbd	31231ab7-f5ab-4d7c-a10c-1448371380ea	2021-06-16 20:14:09.648011+00
6b9a4f22-a4af-446e-b26c-13de76b9f6e2	120a21cf-9097-479e-904a-13dd7198c1dd	cc397479-a5f8-488f-bd7f-7fbb94ec6e18	2021-06-16 20:14:09.648719+00
f4f59ab4-b551-4cab-841e-c24d410e61ff	1cacff68-643e-4ddd-8f57-84b62538081a	319df05f-c5d9-4389-a84a-a43e695bf048	2021-06-16 20:14:09.648796+00
11af4524-d8b4-4863-813d-e186b6a5ddd4	6a0a479b-cfec-41ac-b520-41b2b007b611	b503ced6-fff1-493a-ad41-73449b55ffee	2021-06-16 20:14:09.649277+00
2e19ba0e-e360-4f15-8a10-418e50710266	6c162475-c7ed-4461-9184-001ef3d9f26e	9c7dc26a-489d-4c08-9bba-6ae9dc8117f1	2021-06-16 20:14:09.649872+00
9734f7d3-8657-4e62-a623-8c2cbd17db44	3d8d9bf5-0d90-4353-88ba-4ccc5d2c07ff	8cc3c3aa-e531-4eeb-a707-08119024b3ea	2021-06-16 20:14:09.651661+00
63376826-2d3d-4f3a-ba1a-e388168a02af	b92ef010-5e4c-4fd0-99d6-41b6456272cd	3b914679-1f5e-4cbd-8044-d13d35d5236c	2021-06-16 20:14:09.652178+00
387f3a01-ac87-43a8-8543-9a36aa043588	120a21cf-9097-479e-904a-13dd7198c1dd	3d825f60-9fff-4dfe-b294-1a45fa1e115d	2021-06-16 20:14:09.652251+00
943ad947-a06c-4384-9d19-ded1237f7eb2	b92ef010-5e4c-4fd0-99d6-41b6456272cd	0312ed51-8833-413f-bff5-0e139c11264a	2021-06-16 20:14:09.652479+00
3a76fb0a-62de-47a2-bb76-b577c6705586	3d8d9bf5-0d90-4353-88ba-4ccc5d2c07ff	b1f1e8a6-e310-47d9-a93c-6a7b192bac0e	2021-06-16 20:14:09.652664+00
f7f0af8c-3053-411b-9c1b-79d5d69c9d5d	6a0a479b-cfec-41ac-b520-41b2b007b611	8cc3c3aa-e531-4eeb-a707-08119024b3ea	2021-06-16 20:14:09.653513+00
b68a9de6-9102-4ea1-b046-67d6734329d3	5373d043-3f41-4ea8-9947-4b746c601bbd	1b7d7c64-8be8-47db-8924-23029a9878a9	2021-06-16 20:14:09.653916+00
48e1a3be-444a-430b-9188-7382f5c4ec4d	3d8d9bf5-0d90-4353-88ba-4ccc5d2c07ff	37c6cd37-1222-4470-9221-3170367d134b	2021-06-16 20:14:09.654881+00
007d8645-b260-46e6-8993-6c52fb6e02bd	3d8d9bf5-0d90-4353-88ba-4ccc5d2c07ff	46f15353-2add-415d-9782-fa9c5b8083d5	2021-06-16 20:14:09.655101+00
9b8746f7-4d30-48c6-b4a6-df14e86b4f57	120a21cf-9097-479e-904a-13dd7198c1dd	fdfc8266-5ece-4d85-b614-3cfe9be97b71	2021-06-16 20:14:09.655248+00
90c934af-5ee5-4752-8f1a-45424b8f0eb4	120a21cf-9097-479e-904a-13dd7198c1dd	118fd71b-93cd-4de5-95a4-e1485edad30e	2021-06-16 20:14:09.656158+00
211f96c1-5ee4-4fec-8f1d-8b8be08ff61b	6c162475-c7ed-4461-9184-001ef3d9f26e	8cc3c3aa-e531-4eeb-a707-08119024b3ea	2021-06-16 20:14:09.65653+00
66636083-9891-434b-b436-95554169f044	120a21cf-9097-479e-904a-13dd7198c1dd	82297925-80cc-4c47-b6cf-6b5e06e23b70	2021-06-16 20:14:09.657087+00
a59de8b3-aaa5-474b-9bcf-a0b100ebca10	3d8d9bf5-0d90-4353-88ba-4ccc5d2c07ff	2bfc0f50-7a88-4d4c-bbf8-f839c6150e7e	2021-06-16 20:14:09.657235+00
d99c0ea6-d792-4332-acba-d35eb17545d2	1cacff68-643e-4ddd-8f57-84b62538081a	50fb4de9-e4b3-4aca-9f2f-00a48f12f9b3	2021-06-16 20:14:09.657422+00
684a7025-5ae2-43b3-b221-cfc566266a03	6c162475-c7ed-4461-9184-001ef3d9f26e	b1f1e8a6-e310-47d9-a93c-6a7b192bac0e	2021-06-16 20:14:09.657607+00
63dbe56a-d9d6-444b-8995-04a6ffadd422	526769d7-df18-4661-9aa6-49ed24e9dfd8	82297925-80cc-4c47-b6cf-6b5e06e23b70	2021-06-16 20:14:09.65768+00
a1bba973-9c62-4fbd-ab4b-323001eb41b7	120a21cf-9097-479e-904a-13dd7198c1dd	50d842be-bcda-401e-90de-b06929611ce0	2021-06-16 20:14:09.658719+00
3b6f9e65-1418-43d3-be19-8e5f394b852d	1cacff68-643e-4ddd-8f57-84b62538081a	cc397479-a5f8-488f-bd7f-7fbb94ec6e18	2021-06-16 20:14:09.658793+00
f01ca312-5319-4c9c-a2ee-e42382bc2e5f	ca88141b-a6b4-450d-bbc3-efa940e4953f	a9d52337-3249-49ae-92b8-65ee9ebaf359	2021-06-16 20:14:09.658867+00
10a34eb6-3e90-4057-8e9e-30791f1bae6a	3d8d9bf5-0d90-4353-88ba-4ccc5d2c07ff	cddf9b8f-27f9-4fe9-97cb-9e27d4fe3394	2021-06-16 20:14:09.659239+00
59c207d8-cab0-439d-bda3-b0f056ca77fb	526769d7-df18-4661-9aa6-49ed24e9dfd8	50d842be-bcda-401e-90de-b06929611ce0	2021-06-16 20:14:09.659422+00
b847ac24-9aae-469d-8031-8f1d43cb9b9e	6c162475-c7ed-4461-9184-001ef3d9f26e	c4c5e3de-c0c9-4091-b242-ceb331004dfd	2021-06-16 20:14:09.659903+00
deff015e-8cfe-42a9-8993-af61f4716788	120a21cf-9097-479e-904a-13dd7198c1dd	98167b6e-8d41-4378-9fc3-ee998677e6cb	2021-06-16 20:14:09.660197+00
7a7ae245-a3e5-4852-8ae7-86d2362474fd	6c162475-c7ed-4461-9184-001ef3d9f26e	46f15353-2add-415d-9782-fa9c5b8083d5	2021-06-16 20:14:09.660309+00
aac44a47-ab6a-48aa-a0ed-047d2eb51b97	6c162475-c7ed-4461-9184-001ef3d9f26e	6e5cd268-8ce4-45f9-87d2-52f0f26edc9e	2021-06-16 20:14:09.660786+00
8526e31a-701d-470c-a56c-06e4974c2b08	526769d7-df18-4661-9aa6-49ed24e9dfd8	98167b6e-8d41-4378-9fc3-ee998677e6cb	2021-06-16 20:14:09.660899+00
105eb9e5-98c5-4eee-a291-9cfadea56349	3d8d9bf5-0d90-4353-88ba-4ccc5d2c07ff	9d284e83-21f0-4073-aac0-4abee51193d8	2021-06-16 20:14:09.660973+00
b1d2ab98-1bf5-47c3-afba-aa8370e2762d	120a21cf-9097-479e-904a-13dd7198c1dd	de5347cf-a70d-430f-8005-786326e28794	2021-06-16 20:14:09.66167+00
35597f8e-eeb0-4cf1-84b4-b28bd58972ea	3d8d9bf5-0d90-4353-88ba-4ccc5d2c07ff	4af6c9c9-0be0-4864-b1e9-7f87dd59ee1f	2021-06-16 20:14:09.662626+00
d15bf60a-dd34-40f5-b840-5f94b1498bad	3d8d9bf5-0d90-4353-88ba-4ccc5d2c07ff	57beb3fd-b1c9-4f8a-9c06-2da13f95251c	2021-06-16 20:14:09.664064+00
21113360-d0a6-4f65-89a9-32dd9889769a	b92ef010-5e4c-4fd0-99d6-41b6456272cd	991d143e-1342-4f7c-abf0-a9ede3abba20	2021-06-16 20:14:09.664984+00
f8374761-bc34-4667-975b-1159e8bba088	9c91a5b2-eb70-4889-8581-ebe427370edd	134989c3-3b20-4ae7-8092-3e8ad2333d59	2021-06-16 20:14:09.665171+00
d72ea243-3606-465b-9fab-60d46003a69d	1cacff68-643e-4ddd-8f57-84b62538081a	ddbc2fc3-389e-419f-a8fa-59e6cee10802	2021-06-16 20:14:09.665943+00
2d2771c9-78bd-4cf8-88d6-f8486a4fe3b3	1cacff68-643e-4ddd-8f57-84b62538081a	b503ced6-fff1-493a-ad41-73449b55ffee	2021-06-16 20:14:09.665981+00
\.


--
-- Data for Name: person; Type: TABLE DATA; Schema: content; Owner: app
--

COPY content.person (id, full_name, created, modified) FROM stdin;
9758b894-57d7-465d-b657-c5803dd5b7f7	 Мел Гибсон	2021-06-16 20:14:09.317247+00	2021-06-16 20:14:09.317267+00
836bb95b-6db8-4418-a110-f41663b1c025	 Микки Рурк	2021-06-16 20:14:09.317302+00	2021-06-16 20:14:09.317321+00
a4fc2b18-b89b-47f5-8d11-8b26e26fcdb9	 Мэтт Деймон	2021-06-16 20:14:09.329149+00	2021-06-16 20:14:09.329168+00
fe2b0699-b5ac-437a-9a69-e747b11eb641	 Мэттью Макконехи	2021-06-16 20:14:09.316143+00	2021-06-16 20:14:09.316162+00
f24f3fa4-2e42-4dde-be8c-2aba541a593b	 Николас Кейдж	2021-06-16 20:14:09.315815+00	2021-06-16 20:14:09.315834+00
2b0f84fb-416b-4c30-80db-69478bf872be	 Орландо Блум	2021-06-16 20:14:09.315761+00	2021-06-16 20:14:09.31578+00
5c360057-c51f-4376-bdf5-049b87fa853b	 Райан Гослинг	2021-06-16 20:14:09.315534+00	2021-06-16 20:14:09.315553+00
77789b44-e734-4fa6-91e8-212a09fa4a32	 Райан Рейнольдс	2021-06-16 20:14:09.316036+00	2021-06-16 20:14:09.316055+00
5ac68e18-a84c-4a98-a2ba-85d1bc85e0a4	 Ричард Гир	2021-06-16 20:14:09.315922+00	2021-06-16 20:14:09.315945+00
e259d88e-b693-436a-9fed-a10204b8fd91	 Роберт Дауни — младший	2021-06-16 20:14:09.315982+00	2021-06-16 20:14:09.316001+00
e31f6518-6f0a-4738-a224-211eb4150e13	 Роберт Де Ниро	2021-06-16 20:14:09.315868+00	2021-06-16 20:14:09.315887+00
e52627f7-a659-476a-b415-e58e6bebe824	 Роберт Паттинсон	2021-06-16 20:14:09.31609+00	2021-06-16 20:14:09.316108+00
39276c87-27ec-42f3-a573-e0184fc463a7	 Робин Уильямс	2021-06-16 20:14:09.315587+00	2021-06-16 20:14:09.315605+00
7fb9ae3d-aeac-40a9-aa25-cd6992be16a6	 Сильвестр Сталлоне	2021-06-16 20:14:09.315708+00	2021-06-16 20:14:09.315727+00
dd0d82d8-1c95-4bb9-b9c6-d707773aa4db	 Стивен Сигал	2021-06-16 20:14:09.315639+00	2021-06-16 20:14:09.315657+00
33eb3b88-69f2-4f38-a26d-ff32f1feb1a1	 Сэмюэл Лерой Джексон	2021-06-16 20:14:09.316197+00	2021-06-16 20:14:09.316215+00
7a852205-2bf6-4b75-b3b2-8a46ed6e91ef	 Тим Рот	2021-06-16 20:14:09.316464+00	2021-06-16 20:14:09.316483+00
a2c091a2-281e-4732-9357-79b213d8d92f	 Том Круз	2021-06-16 20:14:09.31625+00	2021-06-16 20:14:09.316269+00
01377f6d-9767-48ce-9e37-3c81f8a3c739	 Том Хиддлстон	2021-06-16 20:14:09.316411+00	2021-06-16 20:14:09.31643+00
c69da9bd-eb87-4a06-be70-95d4ee2da1cc	 Том Хэнкс	2021-06-16 20:14:09.316357+00	2021-06-16 20:14:09.316376+00
ce06e6d7-600b-4829-badf-5d02c61f1a92	 Томми Ли Джонс	2021-06-16 20:14:09.316304+00	2021-06-16 20:14:09.316323+00
8856053e-8a4f-42e1-bb27-6ab8fd664518	 Уилл Смит	2021-06-16 20:14:09.316518+00	2021-06-16 20:14:09.316537+00
2cf03687-ebc3-47dc-a99f-602f6cc55f7a	 Харрисон Форд	2021-06-16 20:14:09.316572+00	2021-06-16 20:14:09.316591+00
698522c6-f8e9-403a-8922-9d320dec5753	 Хью Джекман	2021-06-16 20:14:09.316642+00	2021-06-16 20:14:09.316661+00
972c86a5-16f4-432b-b9b3-54965291ddb0	 Чак Норрис	2021-06-16 20:14:09.316971+00	2021-06-16 20:14:09.316991+00
57a471b1-09dc-48fd-ba8a-1211015a0110	 Ченнинг Татум	2021-06-16 20:14:09.316916+00	2021-06-16 20:14:09.316936+00
5bddea2c-8609-499a-a444-77e0142743c0	 Шон Бин	2021-06-16 20:14:09.316697+00	2021-06-16 20:14:09.316716+00
382da5d5-135b-4b02-a069-ba9beb5f3786	 Шон Коннери	2021-06-16 20:14:09.316861+00	2021-06-16 20:14:09.316881+00
fc9f27d2-aaee-46e6-b263-40ec8d2dd355	 Шон Пенн	2021-06-16 20:14:09.317027+00	2021-06-16 20:14:09.317046+00
88a99b4d-4d06-4754-b06c-93217cf53244	 Эдди Мёрфи	2021-06-16 20:14:09.316752+00	2021-06-16 20:14:09.316771+00
d67d5cb8-4541-4b20-89be-4100ba95e615	 Эдриен Броуди	2021-06-16 20:14:09.316807+00	2021-06-16 20:14:09.316826+00
807ce9c3-6294-485c-803a-1975066f239f	 Элайджа Вуд	2021-06-16 20:14:09.317357+00	2021-06-16 20:14:09.317377+00
24b5b1fb-9931-4964-a0d2-ce664c00c1d5	 Энтони Хопкинс	2021-06-16 20:14:09.317192+00	2021-06-16 20:14:09.317211+00
58411ec0-c40a-43da-95e3-0adc74b7e7f6	 Эштон Кутчер	2021-06-16 20:14:09.317136+00	2021-06-16 20:14:09.317156+00
c883c2c6-d7a4-4001-8084-e2851904e91a	 Леонардо Ди Каприо	2021-06-16 20:14:09.317081+00	2021-06-16 20:14:09.317101+00
035c4793-4864-45b8-8d4f-b86b454c60b0		2021-06-16 20:14:09.317412+00	2021-06-16 20:14:09.317432+00
43bb73ff-0f0e-4169-b708-32a77dc1c50e	Бабиков Ираклий	2021-06-16 20:14:09.317579+00	2021-06-16 20:14:09.317598+00
b670fa3e-9f7b-4786-a00c-09d95f1e7b5c	Вернигора Юстин	2021-06-16 20:14:09.317469+00	2021-06-16 20:14:09.317488+00
3f123595-ecfb-4740-a1c5-ceab9fc21c23	Гусев Геласий	2021-06-16 20:14:09.317633+00	2021-06-16 20:14:09.317667+00
861a3116-7f75-4b7c-b1a1-5efd4936589c	Безделкин Барни	2021-06-16 20:14:09.317704+00	2021-06-16 20:14:09.317724+00
bd2a8ab8-a7bc-45cf-852b-d23cb1cf4b5d	Арефьев Нафанаил	2021-06-16 20:14:09.317524+00	2021-06-16 20:14:09.317543+00
317ba074-e7bf-4c7a-a6e3-da71b1e7cbf2	Вяхорев Ренат	2021-06-16 20:14:09.317874+00	2021-06-16 20:14:09.317895+00
207c28f1-2d25-4f6c-b3d2-1ba2a18c51de	Аронов Октавио	2021-06-16 20:14:09.317818+00	2021-06-16 20:14:09.317838+00
7dd18bd5-6748-4f6d-8919-c4eb5d660632	Байчурин Срджан	2021-06-16 20:14:09.317761+00	2021-06-16 20:14:09.317781+00
7caea3e2-194c-4876-be8f-60b1a4743d21	Девятых Герасим	2021-06-16 20:14:09.317988+00	2021-06-16 20:14:09.318008+00
74b4cc18-9fb3-4796-b718-2d0fa4f84fb4	Артищенко Руфин	2021-06-16 20:14:09.317932+00	2021-06-16 20:14:09.317952+00
09ea7635-dfee-4722-ad40-23c93ef03644	Близнюков Вописк	2021-06-16 20:14:09.318045+00	2021-06-16 20:14:09.318065+00
a37e91d0-3c82-43f3-8517-68699ee134d6	Гордягин Антоний	2021-06-16 20:14:09.318102+00	2021-06-16 20:14:09.318122+00
1f6ad693-a134-44f1-a0a6-71e4c0dec31a	Апрелов Иоанникий	2021-06-16 20:14:09.318159+00	2021-06-16 20:14:09.318183+00
1f323398-4bb1-4a00-9dfa-f12a730ae67a	Анохин Октавий	2021-06-16 20:14:09.352514+00	2021-06-16 20:14:09.352529+00
2620e673-3251-470e-830b-3d123bccd882	Вуколов Евдоким	2021-06-16 20:14:09.352425+00	2021-06-16 20:14:09.35244+00
6785f113-f395-4140-87e2-8587096e5be6	Давидчук Бямбасурэн	2021-06-16 20:14:09.35238+00	2021-06-16 20:14:09.352396+00
97484370-08a0-4944-9564-6d957d78a85c	Ершаков Альвиан	2021-06-16 20:14:09.352603+00	2021-06-16 20:14:09.352618+00
2f094f6a-4da5-4045-9225-40a3c3de7b1d	Григорьевский Премысл	2021-06-16 20:14:09.352469+00	2021-06-16 20:14:09.352485+00
5820071b-4013-4fa8-b5e7-4c0696c2ee8b	Исааков Алон	2021-06-16 20:14:09.352558+00	2021-06-16 20:14:09.352574+00
26d80d5e-a037-40ca-9806-cf0aa61b1f87	Болотников Исмаил	2021-06-16 20:14:09.459028+00	2021-06-16 20:14:09.459044+00
0269638c-d5df-4a1c-8f3f-fb3815c1ef34	Акуляков Логгин	2021-06-16 20:14:09.459074+00	2021-06-16 20:14:09.459089+00
1ae1b4da-33f7-4f0f-b3c7-a6e2af944f99	Борисевич Абд	2021-06-16 20:14:09.459162+00	2021-06-16 20:14:09.459177+00
b66d8d1b-b24a-4744-97cb-36b57f291358	Ильюта Орест	2021-06-16 20:14:09.459208+00	2021-06-16 20:14:09.459223+00
d4437aa4-73e7-4f57-85a2-92fdad8702ad	Дедик Шамсуддин	2021-06-16 20:14:09.459118+00	2021-06-16 20:14:09.459133+00
a76a7d73-4c57-49b8-a7e8-1c5c1e3452fb	Боярский Серж	2021-06-16 20:14:09.318224+00	2021-06-16 20:14:09.318243+00
d67afc96-b9ed-4c91-9507-ffc2018c58d7	Воронов Максимиан	2021-06-16 20:14:09.318281+00	2021-06-16 20:14:09.318301+00
59674337-e77d-422b-967c-aa01017af7c3	Васютичев Кассиан	2021-06-16 20:14:09.318339+00	2021-06-16 20:14:09.318359+00
b5fa51d6-4753-4b64-819c-2de16af5c057	Андрейцев Спиридон	2021-06-16 20:14:09.318396+00	2021-06-16 20:14:09.318416+00
1749841f-0569-49bb-96ce-3f9dd51b42e2	Варзин Вангьял	2021-06-16 20:14:09.318455+00	2021-06-16 20:14:09.318475+00
c05da398-b37e-4993-8ad2-6bfd290c28ce	Ивахненко Акакий	2021-06-16 20:14:09.318763+00	2021-06-16 20:14:09.318784+00
7f100195-5faf-4746-8a2b-df2a3e57cc8b	Авдохин Касторий	2021-06-16 20:14:09.31857+00	2021-06-16 20:14:09.31859+00
d58cfb85-fbec-46c4-b2ae-b9b87b9c8d70	Иняхин Бехруз	2021-06-16 20:14:09.318704+00	2021-06-16 20:14:09.318725+00
e3a8bf89-10a9-404a-8cd8-ea249c0a654e	Заводчиков Градислав	2021-06-16 20:14:09.318513+00	2021-06-16 20:14:09.318533+00
83e09e52-4a63-49f9-8c34-3d09774f7509	Богословский Фредерик	2021-06-16 20:14:09.318645+00	2021-06-16 20:14:09.318666+00
1a84b0ac-ff8f-4169-a14b-7393acea8ddd	Гавренев Отто	2021-06-16 20:14:09.318822+00	2021-06-16 20:14:09.318843+00
a3468637-c3c3-442c-892e-1625385c49c6	Головушин Криспин	2021-06-16 20:14:09.319292+00	2021-06-16 20:14:09.319313+00
8746ff78-577b-4bef-a7f7-1db05a102def	Камолов Юлиан	2021-06-16 20:14:09.319233+00	2021-06-16 20:14:09.319254+00
84c192fa-7178-4a57-bdd6-a81716e7bb40	Катеринюк Афанасий	2021-06-16 20:14:09.318999+00	2021-06-16 20:14:09.31902+00
dd73742c-efa5-41e8-a824-9013b099f8d5	Автаев Ростислав	2021-06-16 20:14:09.31894+00	2021-06-16 20:14:09.31896+00
32f131ef-cd32-4659-a037-bcff3f12ac0c	Зацепин Феофан	2021-06-16 20:14:09.318881+00	2021-06-16 20:14:09.318902+00
13f1f40e-cf1b-446e-a7c4-e30d377bce35	Бабаев Елисей	2021-06-16 20:14:09.319058+00	2021-06-16 20:14:09.319079+00
6c9f7977-fd5e-4990-b41b-9833efad1eea	Вячеславов Лаврентий	2021-06-16 20:14:09.319175+00	2021-06-16 20:14:09.319195+00
976fdf00-4f46-429b-af5b-2ddf2ff1b7c5	Антипьев Алипий	2021-06-16 20:14:09.319116+00	2021-06-16 20:14:09.319137+00
5237aac5-f652-4aa5-9061-55bb007cd7be	Кваша Лукас	2021-06-16 20:14:09.319351+00	2021-06-16 20:14:09.319372+00
9e8559d3-5529-4313-9ea1-cb0c8b46f232	Есип Милорад	2021-06-16 20:14:09.321308+00	2021-06-16 20:14:09.321329+00
5a8bad1b-586d-4283-a11c-af232bfd0418	Гарькуша Джаббар	2021-06-16 20:14:09.321424+00	2021-06-16 20:14:09.321444+00
13a08da2-15ca-4611-b8b0-6b25df62ae53	Балабашкин Фотий	2021-06-16 20:14:09.321248+00	2021-06-16 20:14:09.321269+00
b1ff15a7-3c80-4474-bc82-97a9655cce55	Анастасов Премысл	2021-06-16 20:14:09.321367+00	2021-06-16 20:14:09.321387+00
7fd71d89-3e74-4876-a223-a7ac808711f1	Зворыкин Хетаг	2021-06-16 20:14:09.321482+00	2021-06-16 20:14:09.321502+00
08baac48-370c-43a1-8bc2-4dc6cd597333	Аргушкин Гильем	2021-06-16 20:14:09.321191+00	2021-06-16 20:14:09.321211+00
d3377a4d-eee3-4fba-adca-fb60170afbeb	Захарычев Евграф	2021-06-16 20:14:09.319601+00	2021-06-16 20:14:09.319622+00
7970a901-e0ee-4a71-a2ea-9c964dcffc29	Бахарев Тихон	2021-06-16 20:14:09.31954+00	2021-06-16 20:14:09.31956+00
511b9add-1f0c-4b5f-be96-14dc569ffb06	Битюцкий Пимен	2021-06-16 20:14:09.319409+00	2021-06-16 20:14:09.319439+00
81b3b0d6-81d9-45aa-a90b-614978cf7b29	Басов Ахилл	2021-06-16 20:14:09.31948+00	2021-06-16 20:14:09.319501+00
3d6d8482-7a99-44cf-af06-3921e8bd5cca	Жулев Эдмунд	2021-06-16 20:14:09.319733+00	2021-06-16 20:14:09.319753+00
160a18f5-88b0-40eb-ac8f-545c4e35a723	Бабин Денеш	2021-06-16 20:14:09.319676+00	2021-06-16 20:14:09.319696+00
643096b7-e25e-40c4-a206-3f233aa9be43	Артюков Ульф	2021-06-16 20:14:09.319846+00	2021-06-16 20:14:09.319866+00
ba333c8b-9b0b-4390-99c0-05a8117f7f68	Девятьяров Алон	2021-06-16 20:14:09.319789+00	2021-06-16 20:14:09.319809+00
fc616cc0-3961-44ff-ac27-9bfdcc28917f	Богачевич Антон	2021-06-16 20:14:09.320132+00	2021-06-16 20:14:09.320152+00
eda15243-9373-412b-8010-1cc70cacebf5	Гашунин Приск	2021-06-16 20:14:09.319903+00	2021-06-16 20:14:09.319923+00
8c0eb98b-4020-4012-914e-533939ddafde	Ассанов Арам	2021-06-16 20:14:09.31996+00	2021-06-16 20:14:09.319981+00
b2362da9-6c24-422c-8085-01851ba79297	Гитлин Джованни	2021-06-16 20:14:09.320189+00	2021-06-16 20:14:09.320209+00
25423597-4cb0-4e9f-a9aa-86b1fd3aadee	Буранов Пинхас	2021-06-16 20:14:09.320018+00	2021-06-16 20:14:09.320038+00
9ea3f318-841d-44fc-afba-21d154eb99be	Алабердиев Кутлуг-Буга	2021-06-16 20:14:09.320075+00	2021-06-16 20:14:09.320095+00
8026ef16-24cf-43a3-be5b-20609a5265ba	Жегалин Варфоломей	2021-06-16 20:14:09.321077+00	2021-06-16 20:14:09.321097+00
57a4f809-225e-4a8a-a867-0537a085d6c4	Батрашкин Премысл	2021-06-16 20:14:09.321134+00	2021-06-16 20:14:09.321154+00
6dd77305-18ee-4d2e-9215-fd1a496ccfdf	Авершин Иштван	2021-06-16 20:14:09.321597+00	2021-06-16 20:14:09.321617+00
96185bee-1b14-4320-84ff-def00c07593c	Бодров Иван	2021-06-16 20:14:09.32154+00	2021-06-16 20:14:09.32156+00
b4e1b2bd-7f36-4322-8a96-0baecf121424	Голобокий Тихомир	2021-06-16 20:14:09.32167+00	2021-06-16 20:14:09.321691+00
b5bd857a-829a-4fca-9ce0-e5b455032057	Жунин Иринарх	2021-06-16 20:14:09.321845+00	2021-06-16 20:14:09.321865+00
a2b715d4-43f9-418e-a8b0-10ecb3ded1a5	Карпиков Эрик	2021-06-16 20:14:09.321786+00	2021-06-16 20:14:09.321807+00
9dc44d38-40ef-48ad-ad87-5e4fb6524f38	Валерьянов Глеб	2021-06-16 20:14:09.321903+00	2021-06-16 20:14:09.321924+00
6b02aa9b-87f1-4c38-ad33-8b125bd29781	Данишевич Зинон	2021-06-16 20:14:09.321729+00	2021-06-16 20:14:09.321749+00
51106cd4-89d9-4ab6-88cb-15cdd20d1ea0	Казюков Симеон	2021-06-16 20:14:09.321961+00	2021-06-16 20:14:09.321982+00
26e3926b-6fad-4297-8bbe-dfc8921883cf	Давыденков Афиней	2021-06-16 20:14:09.32202+00	2021-06-16 20:14:09.32204+00
896516e8-104d-4478-b8af-4b2af0d3afb2	Аплечеев Лиам	2021-06-16 20:14:09.322194+00	2021-06-16 20:14:09.322215+00
ddd48c5e-8c30-4db8-869c-4b591b9697b5	Гамаюнов Юрий	2021-06-16 20:14:09.322136+00	2021-06-16 20:14:09.322157+00
48fe64d4-e4e9-443d-9201-3294fb62715d	Екимовский Рушан	2021-06-16 20:14:09.322078+00	2021-06-16 20:14:09.322099+00
154db4b3-87e3-45b2-9e5b-8debff5ff3cb	Болтунов Юлиус	2021-06-16 20:14:09.322428+00	2021-06-16 20:14:09.322449+00
2e32ab59-7df6-4b65-9cfa-954e0acf0ff3	Голубинин Торос	2021-06-16 20:14:09.322545+00	2021-06-16 20:14:09.322565+00
d6a04742-cc3d-43f7-9657-e3c73b37dfaa	Белоногин Мелитон	2021-06-16 20:14:09.322253+00	2021-06-16 20:14:09.322273+00
42382903-c0da-4937-991a-c38efada9c61	Карпеченко Афиф	2021-06-16 20:14:09.322634+00	2021-06-16 20:14:09.322656+00
2a2e7dfb-06ff-4c43-889d-05544f531d4d	Замотайлов Усман	2021-06-16 20:14:09.322311+00	2021-06-16 20:14:09.322332+00
e6cab71d-a637-4ba0-ad51-2097e038e41d	Дамский Ириней	2021-06-16 20:14:09.322486+00	2021-06-16 20:14:09.322507+00
ce1799d3-0010-47ca-8635-b5ff1156a01d	Добрынский Винцас	2021-06-16 20:14:09.32237+00	2021-06-16 20:14:09.32239+00
c358242d-2dd3-4fd4-afa7-dc187854a59b	Азанчеев Антипа	2021-06-16 20:14:09.322822+00	2021-06-16 20:14:09.322841+00
6a487623-baa0-4d44-854d-6ca1ca6f8ab4	Данилович Вангьял	2021-06-16 20:14:09.322765+00	2021-06-16 20:14:09.322785+00
24f48dd1-c19b-4a78-aa05-1b2db0235296	Еремеев Алим	2021-06-16 20:14:09.322694+00	2021-06-16 20:14:09.322728+00
0d1d24d6-9840-4519-8e7b-dabca3970ae0	Винярский Энтони	2021-06-16 20:14:09.322995+00	2021-06-16 20:14:09.323014+00
a02640da-38c3-4796-b1bf-37d7c4d37344	Ипатьев Малик	2021-06-16 20:14:09.322882+00	2021-06-16 20:14:09.322901+00
9052c429-df4d-4088-8ff5-40de76bd74e1	Демусев Бронислав	2021-06-16 20:14:09.322938+00	2021-06-16 20:14:09.322958+00
78e917f3-a80b-4d44-82f4-80712a4160ee	Головяшкин Франческо	2021-06-16 20:14:09.323502+00	2021-06-16 20:14:09.323522+00
618ed131-f181-4932-b3cb-e637a87d594e	Бобрович Родион	2021-06-16 20:14:09.323107+00	2021-06-16 20:14:09.323127+00
cff61032-be90-44b6-85e2-c0fd6049440c	Глухий Сонам	2021-06-16 20:14:09.323332+00	2021-06-16 20:14:09.323352+00
c05bfb01-60d1-42c7-b372-62bc0a916abf	Баскин Никанор	2021-06-16 20:14:09.323445+00	2021-06-16 20:14:09.323465+00
477c81a7-4caf-4ce3-b354-831169a1a068	Базыкин Макар	2021-06-16 20:14:09.323389+00	2021-06-16 20:14:09.323409+00
7754f297-7531-4d31-9ae4-b46100a54982	Вохменцев Гордей	2021-06-16 20:14:09.323219+00	2021-06-16 20:14:09.323239+00
200a8ad1-fe5a-4246-a31c-57902b000613	Бурлацкий Андокид	2021-06-16 20:14:09.323051+00	2021-06-16 20:14:09.32307+00
1f651d3f-b94a-4bc3-9a7d-68d79848124b	Гриднев Шон	2021-06-16 20:14:09.323164+00	2021-06-16 20:14:09.323183+00
eac1449e-09ed-4912-8467-fba3d489c6bb	Бузин Кирилл	2021-06-16 20:14:09.323558+00	2021-06-16 20:14:09.323578+00
9b401777-277e-40a2-8e69-cf6561b987ed	Дебольский Ольгерд	2021-06-16 20:14:09.323276+00	2021-06-16 20:14:09.323296+00
dc448893-7942-4677-a557-d8b1aa728ccf	Катеринич Венедикт	2021-06-16 20:14:09.323615+00	2021-06-16 20:14:09.323635+00
86f1f44b-39f5-41a6-8b3b-af5a9ed09858	Аксютин Золтан	2021-06-16 20:14:09.32401+00	2021-06-16 20:14:09.32403+00
f112018e-844a-49ba-a880-89ca8cc2389e	Гринякин Алик	2021-06-16 20:14:09.323898+00	2021-06-16 20:14:09.323918+00
47c4a7d9-9fb6-444d-9852-56df2d3a98c1	Горбатов Георгий	2021-06-16 20:14:09.323954+00	2021-06-16 20:14:09.323974+00
7f4382be-73f0-4741-bd46-6f895099b661	Аппаков Франц	2021-06-16 20:14:09.323842+00	2021-06-16 20:14:09.323862+00
70adcb88-ed89-4654-866e-9b124b95c82b	Аничев Ромен	2021-06-16 20:14:09.323728+00	2021-06-16 20:14:09.323748+00
3a79bcae-0fff-4aea-b841-d4ce74b8a2ff	Зарубин Луций	2021-06-16 20:14:09.323784+00	2021-06-16 20:14:09.323804+00
c97f0b2f-6cb0-459e-8547-46f8f4e7c1d7	Дехтярев Аквилий	2021-06-16 20:14:09.323671+00	2021-06-16 20:14:09.323691+00
84ce7fac-3601-42a6-a69b-da82fcacd3dd	Акиндинов Ариф	2021-06-16 20:14:09.329314+00	2021-06-16 20:14:09.329333+00
ca0c00e3-9529-4a12-a27d-55d862f7b97b	Вахромцев Теофил	2021-06-16 20:14:09.329204+00	2021-06-16 20:14:09.329223+00
a6c6787c-c77a-457e-b188-c43cb31cc15b	Галимов Иринарх	2021-06-16 20:14:09.329423+00	2021-06-16 20:14:09.329442+00
c7edc3ef-8ae8-4fb2-9999-e33a96ef48ba	Жмакин Акоп	2021-06-16 20:14:09.329478+00	2021-06-16 20:14:09.329497+00
451937f2-6d4d-4193-b5f3-90d054a1ca32	Бессмертных Авель	2021-06-16 20:14:09.329369+00	2021-06-16 20:14:09.329388+00
14735c75-9ebc-4602-8363-21527b6cc25a	Еганов Алексей	2021-06-16 20:14:09.329259+00	2021-06-16 20:14:09.329278+00
e039eedf-4daf-452a-bf92-a0085c68e156	Адам Сэндлер	2021-06-16 20:14:09.31329+00	2021-06-16 20:14:09.313307+00
b5d2b63a-ed1f-4e46-8320-cf52a32be358	 Алек Болдуин	2021-06-16 20:14:09.313239+00	2021-06-16 20:14:09.313257+00
5b4bf1bc-3397-4e83-9b17-8b10c6544ed1	 Аль Пачино	2021-06-16 20:14:09.313188+00	2021-06-16 20:14:09.313206+00
26e83050-29ef-4163-a99d-b546cac208f8	 Антонио Бандерас	2021-06-16 20:14:09.313133+00	2021-06-16 20:14:09.313152+00
a5a8f573-3cee-4ccc-8a2b-91cb9f55250a	 Арнольд Шварценеггер	2021-06-16 20:14:09.313068+00	2021-06-16 20:14:09.313086+00
3217bc91-bcfc-44eb-a609-82d228115c50	 Бен Аффлек	2021-06-16 20:14:09.313438+00	2021-06-16 20:14:09.313456+00
ed149438-4d76-45c9-861b-d3ed48ccbf0c	 Бенедикт Камбербэтч	2021-06-16 20:14:09.313388+00	2021-06-16 20:14:09.313406+00
efdd1787-8871-4aa9-b1d7-f68e55b913ed	 Брэд Питт	2021-06-16 20:14:09.313489+00	2021-06-16 20:14:09.313507+00
1989ed1e-0c0b-4872-9dfb-f5ed13c764e2	 Брэдли Купер	2021-06-16 20:14:09.313339+00	2021-06-16 20:14:09.313357+00
3214cf58-8dbf-40ab-9185-77213933507e	 Брюс Уиллис	2021-06-16 20:14:09.313541+00	2021-06-16 20:14:09.313558+00
cec00f0e-200b-4b48-9ed1-2f8fc3c67427	 Вуди Аллен	2021-06-16 20:14:09.313641+00	2021-06-16 20:14:09.313658+00
a1758395-9578-41af-88b8-3f9456e6d938	 Дастин Хоффман	2021-06-16 20:14:09.313591+00	2021-06-16 20:14:09.313608+00
2d6f6284-13ce-4d25-9453-c4335432c116	 Дензел Вашингтон	2021-06-16 20:14:09.31369+00	2021-06-16 20:14:09.313707+00
979996d5-ef97-427d-a0f5-d640cd1813a4	 Джейк Джилленхол	2021-06-16 20:14:09.313762+00	2021-06-16 20:14:09.313779+00
69b02c62-a329-414d-83c6-ca54be34de24	 Джеймс Белуши	2021-06-16 20:14:09.313863+00	2021-06-16 20:14:09.313881+00
39abe5bd-33b3-44e8-8c12-2e360e2fa621	 Джеймс Франко	2021-06-16 20:14:09.313812+00	2021-06-16 20:14:09.31383+00
c777f646-dae0-466f-867a-bc535a0b021b	 Джек Николсон	2021-06-16 20:14:09.313913+00	2021-06-16 20:14:09.313931+00
7214e401-bb43-4da2-9e7a-cd6ca31ee8ca	 Джеки Чан	2021-06-16 20:14:09.314016+00	2021-06-16 20:14:09.314033+00
62df10e8-244d-4c31-b396-564dfbc2f9c5	 Джереми Реннер	2021-06-16 20:14:09.313964+00	2021-06-16 20:14:09.313982+00
ef1e2ad4-df4f-4fe0-8fa9-b8db690c4a19	 Джим Керри	2021-06-16 20:14:09.314116+00	2021-06-16 20:14:09.314133+00
8c220eeb-8022-44d5-8435-1f8edf258ac7	 Джон Траволта	2021-06-16 20:14:09.314066+00	2021-06-16 20:14:09.314083+00
6960e2ca-889f-41f5-b728-1e7313e54d6c	 Джонни Депп	2021-06-16 20:14:09.314333+00	2021-06-16 20:14:09.314353+00
9f38323f-5912-40d2-a90c-b56899746f2a	 Джонни Ли Миллер	2021-06-16 20:14:09.314388+00	2021-06-16 20:14:09.314407+00
8a34f121-7ce6-4021-b467-abec993fc6cd	 Джордж Клуни	2021-06-16 20:14:09.314443+00	2021-06-16 20:14:09.31448+00
959d148c-022b-427f-a68b-bbe58674fe65	 Дуэйн Джонсон	2021-06-16 20:14:09.31458+00	2021-06-16 20:14:09.314598+00
5a3d0299-2df2-4070-9fda-65ff4dfa863c	 Дэвид Духовны	2021-06-16 20:14:09.314528+00	2021-06-16 20:14:09.314546+00
9b58c99a-e5a3-4f24-8f67-a038665758d6	 Дэниел Крэйг	2021-06-16 20:14:09.314193+00	2021-06-16 20:14:09.314226+00
82b7dffe-6254-4598-b6ef-5be747193946	 Зак Эфрон	2021-06-16 20:14:09.314275+00	2021-06-16 20:14:09.314296+00
b66db341-5dcd-4aaf-b536-050b59979357	 Иэн Маккеллен	2021-06-16 20:14:09.314632+00	2021-06-16 20:14:09.31465+00
7026c3f4-d7b8-414a-99d5-06de1788a0ee	 Квентин Тарантино	2021-06-16 20:14:09.314683+00	2021-06-16 20:14:09.314701+00
c59c5caf-5ca9-430e-bde5-f5141de25cb6	 Кевин Костнер	2021-06-16 20:14:09.315117+00	2021-06-16 20:14:09.315136+00
189f1d17-c928-492a-aa33-2212b5ad1555	 Киану Ривз	2021-06-16 20:14:09.314751+00	2021-06-16 20:14:09.31477+00
e0dd7338-b686-465c-93da-c9b2c57d46bb	 Клинт Иствуд	2021-06-16 20:14:09.31496+00	2021-06-16 20:14:09.314979+00
06d3686f-56e0-40df-81ea-af95a203b58a	 Крис О Доннелл	2021-06-16 20:14:09.314804+00	2021-06-16 20:14:09.314822+00
ac44d92b-7de3-4274-908f-0173e6ba310b	 Крис Хемсвортъ	2021-06-16 20:14:09.315065+00	2021-06-16 20:14:09.315083+00
ccb3418a-d3e2-4878-a355-6f720211f39f	 Кристиан Бэйл	2021-06-16 20:14:09.315012+00	2021-06-16 20:14:09.315031+00
6d9a226f-85ca-4270-9f26-7d1b1cc7b444	 Кристофер Уокен	2021-06-16 20:14:09.314856+00	2021-06-16 20:14:09.314875+00
6e2f9652-460b-4c6a-b527-5c05b40965fe	 Курт Расселл	2021-06-16 20:14:09.315169+00	2021-06-16 20:14:09.315188+00
5bd4381f-5763-474f-baa0-f7f62a0819f9	 Лабаф Шайа	2021-06-16 20:14:09.314908+00	2021-06-16 20:14:09.314927+00
afa7c253-6702-47d7-a451-cf2bc9350310	 Лиам Нисон	2021-06-16 20:14:09.315326+00	2021-06-16 20:14:09.315344+00
dbac6947-e620-4f92-b6a1-dae9a3b07422	 Люк Эванс	2021-06-16 20:14:09.315221+00	2021-06-16 20:14:09.31524+00
4a416628-4a36-431c-9121-513674dae840	 Майкл Дуглас	2021-06-16 20:14:09.315274+00	2021-06-16 20:14:09.315292+00
cdf3ace6-802d-4620-b875-809e6318a493	 Марк Уолберг	2021-06-16 20:14:09.315378+00	2021-06-16 20:14:09.315396+00
5623ae85-91ff-44f1-b46d-21c9d1d0d7f6	 Мартин Скорсезе	2021-06-16 20:14:09.315482+00	2021-06-16 20:14:09.3155+00
26e020b4-98d9-4c78-b85a-0570eb19d9bc	 Мартин Фримен	2021-06-16 20:14:09.31543+00	2021-06-16 20:14:09.315448+00
605f31b6-6929-46b5-8e90-b926423c9113	Ишутин Аверкий	2021-06-16 20:14:09.320544+00	2021-06-16 20:14:09.320566+00
0c7a51eb-1a64-4787-a042-3226e37dc512	Ильюшенко Гавриил	2021-06-16 20:14:09.320488+00	2021-06-16 20:14:09.320508+00
8a9cb7b2-dd61-4f7f-94ec-61aac18ed5d9	Григорушкин Олаф	2021-06-16 20:14:09.320246+00	2021-06-16 20:14:09.320266+00
772faacb-5d57-4e72-b44f-01fde7f08c1a	Антонишин Филип	2021-06-16 20:14:09.320371+00	2021-06-16 20:14:09.320392+00
c5affe3b-e9f2-4fdb-a5ee-018dd751d3f4	Агашков Адольф	2021-06-16 20:14:09.32031+00	2021-06-16 20:14:09.320331+00
1a93d567-f525-4fcf-a9b0-67f1a3f56eb3	Загоняйлов Аба	2021-06-16 20:14:09.32043+00	2021-06-16 20:14:09.320451+00
2f7b8091-ed2b-4bd9-8813-bb00d686ea8d	Жимерин Ричард	2021-06-16 20:14:09.332235+00	2021-06-16 20:14:09.332255+00
5cb0b162-e971-43d3-a772-e45f419bd8e1	Гаркавый Аба	2021-06-16 20:14:09.332069+00	2021-06-16 20:14:09.332089+00
cf1a5a06-dc0a-4140-804d-b48c00b378cb	Божков Лайл	2021-06-16 20:14:09.331957+00	2021-06-16 20:14:09.331977+00
e73f46a4-cf53-4b12-b5da-52503b6319f7	Давидович Рагнар	2021-06-16 20:14:09.331736+00	2021-06-16 20:14:09.331756+00
852a421c-68f3-4f62-9cdf-1f89b8a57d92	Каганский Мстислав	2021-06-16 20:14:09.363768+00	2021-06-16 20:14:09.363784+00
618486f1-3f4e-43c0-833d-33dadb7090e2	Есенин Хорив	2021-06-16 20:14:09.332014+00	2021-06-16 20:14:09.332033+00
319a579c-942a-48a8-afff-2e0490713b2a	Анастасьев Хетаг	2021-06-16 20:14:09.332124+00	2021-06-16 20:14:09.332144+00
8a01bb4e-207f-4549-a3f6-6892b1aac5a9	Буженинов Эстебан	2021-06-16 20:14:09.33218+00	2021-06-16 20:14:09.332199+00
b6cbdda5-049b-4cfe-b393-fdca28688022	Алиев Абд	2021-06-16 20:14:09.320663+00	2021-06-16 20:14:09.320684+00
c7d49113-c202-45a8-a267-a8cd61f27543	Афонов Денеш	2021-06-16 20:14:09.32084+00	2021-06-16 20:14:09.320861+00
0031feab-8f53-412a-8f53-47098a60ac73	Емелюшкин Алемдар	2021-06-16 20:14:09.320604+00	2021-06-16 20:14:09.320625+00
4017cda3-0934-41b1-b8e9-0e3fb792d2ce	Едомский Предраг	2021-06-16 20:14:09.320721+00	2021-06-16 20:14:09.320741+00
9412ef02-5ed1-407b-9420-ead779a4990a	Вяземцев Альвизе	2021-06-16 20:14:09.320779+00	2021-06-16 20:14:09.3208+00
a6d0f7e6-450c-4a16-8b9f-1a6d9a1ce837	Голоушин Карлос	2021-06-16 20:14:09.320901+00	2021-06-16 20:14:09.320921+00
6ba834a0-1039-4b5c-ab78-d5f1f18a4e7d	Волжанин Иринарх	2021-06-16 20:14:09.320958+00	2021-06-16 20:14:09.320979+00
11819966-b9d1-494d-bafa-9033ddbe3ab4	Аршинов Илларион	2021-06-16 20:14:09.321017+00	2021-06-16 20:14:09.321038+00
\.


--
-- Data for Name: person_film_work; Type: TABLE DATA; Schema: content; Owner: app
--

COPY content.person_film_work (id, film_work_id, person_id, role, created) FROM stdin;
549b020d-02ea-4a1d-b4c0-e3ab0c04f668	4b6977e2-b3db-4f04-b83e-f091c6fcd49c	1f323398-4bb1-4a00-9dfa-f12a730ae67a	actor	2021-06-16 20:14:09.703451+00
1b333d25-ebc8-4d1f-9a7c-dc97eb35b43c	b1f1e8a6-e310-47d9-a93c-6a7b192bac0e	8856053e-8a4f-42e1-bb27-6ab8fd664518	director	2021-06-16 20:14:09.703885+00
a4be2dde-8b91-4383-9171-8384d3e3b34f	511b8ae8-f59d-450e-b9a2-22aabba2693b	59674337-e77d-422b-967c-aa01017af7c3	writer	2021-06-16 20:14:09.703924+00
2a81fd93-9d5f-4af1-bcb0-1efa419d5c59	50d842be-bcda-401e-90de-b06929611ce0	fc9f27d2-aaee-46e6-b263-40ec8d2dd355	actor	2021-06-16 20:14:09.704338+00
e969b5af-0841-444f-8cb0-58a9c3a8c736	50fb4de9-e4b3-4aca-9f2f-00a48f12f9b3	972c86a5-16f4-432b-b9b3-54965291ddb0	actor	2021-06-16 20:14:09.704418+00
9952e582-9cbd-4631-9126-c3b75d7e3a7d	fda827f8-d261-4c23-9e9c-e42787580c4d	fe2b0699-b5ac-437a-9a69-e747b11eb641	actor	2021-06-16 20:14:09.706817+00
dc2f4edf-6091-4f5e-9f0b-36575a8569de	3d825f60-9fff-4dfe-b294-1a45fa1e115d	e039eedf-4daf-452a-bf92-a0085c68e156	actor	2021-06-16 20:14:09.70705+00
ddecccee-2dd2-4419-bb11-d03b9ce679dd	b1f1e8a6-e310-47d9-a93c-6a7b192bac0e	4a416628-4a36-431c-9121-513674dae840	actor	2021-06-16 20:14:09.707481+00
4e13e8a8-ed12-461c-b260-6d1b5d2dac57	31231ab7-f5ab-4d7c-a10c-1448371380ea	26d80d5e-a037-40ca-9806-cf0aa61b1f87	director	2021-06-16 20:14:09.707792+00
95f8f169-39ce-4308-9781-752416acc6e4	cddf9b8f-27f9-4fe9-97cb-9e27d4fe3394	3217bc91-bcfc-44eb-a609-82d228115c50	writer	2021-06-16 20:14:09.707869+00
4dfffd60-bfa6-4bc9-8a1b-f3137ecd114e	025c58cd-1b7e-43be-9ffb-8571a613579b	3214cf58-8dbf-40ab-9185-77213933507e	director	2021-06-16 20:14:09.70861+00
81eeb5ea-dfaa-42b6-be99-b94fa2336195	57beb3fd-b1c9-4f8a-9c06-2da13f95251c	33eb3b88-69f2-4f38-a26d-ff32f1feb1a1	director	2021-06-16 20:14:09.709756+00
a06264bf-ac8d-48e7-99b5-f90e47b22ea7	9d284e83-21f0-4073-aac0-4abee51193d8	88a99b4d-4d06-4754-b06c-93217cf53244	writer	2021-06-16 20:14:09.709998+00
5bf4ff23-5eb3-4e5a-ab9a-06d994a6d407	de5347cf-a70d-430f-8005-786326e28794	c05da398-b37e-4993-8ad2-6bfd290c28ce	actor	2021-06-16 20:14:09.711919+00
ec5e65bb-8d5b-4a66-962e-656e926cf21d	134989c3-3b20-4ae7-8092-3e8ad2333d59	26e83050-29ef-4163-a99d-b546cac208f8	actor	2021-06-16 20:14:09.712561+00
03b3f052-34e0-4f8e-8d6d-452a23ffffd2	12a8279d-d851-4eb9-9d64-d690455277cc	a5a8f573-3cee-4ccc-8a2b-91cb9f55250a	writer	2021-06-16 20:14:09.712917+00
d89a8593-d0bf-44db-848d-befa9c79d028	ddbc2fc3-389e-419f-a8fa-59e6cee10802	5ac68e18-a84c-4a98-a2ba-85d1bc85e0a4	writer	2021-06-16 20:14:09.713253+00
112aaf74-434b-43fb-87d9-438726609f36	856bc547-0bae-4de5-8bcc-6d3f9e92d3eb	b5bd857a-829a-4fca-9ce0-e5b455032057	actor	2021-06-16 20:14:09.713849+00
b928d9f5-5495-40c6-97d6-9307d6276c76	c9e1f6f0-4f1e-4a76-92ee-76c1942faa97	82b7dffe-6254-4598-b6ef-5be747193946	writer	2021-06-16 20:14:09.714051+00
489bff2a-6687-4d9d-b3d3-6d3a90ce632a	46f15353-2add-415d-9782-fa9c5b8083d5	a5a8f573-3cee-4ccc-8a2b-91cb9f55250a	writer	2021-06-16 20:14:09.714133+00
af639469-0f18-46cd-9cc6-9400501aa653	fda827f8-d261-4c23-9e9c-e42787580c4d	f24f3fa4-2e42-4dde-be8c-2aba541a593b	writer	2021-06-16 20:14:09.714218+00
758e986d-85fc-4507-ad04-67be7745c5ba	192b3fc9-97e2-4260-91c6-a9b91a41e520	c358242d-2dd3-4fd4-afa7-dc187854a59b	writer	2021-06-16 20:14:09.714416+00
d3541452-8578-4252-b9e2-eefb39c5254a	bfe61bd9-5dfd-41ca-80ae-8eca998bc29d	b6cbdda5-049b-4cfe-b393-fdca28688022	actor	2021-06-16 20:14:09.715087+00
365e4524-a26e-43ee-90b6-4c4fb4fd617d	3d825f60-9fff-4dfe-b294-1a45fa1e115d	b5d2b63a-ed1f-4e46-8320-cf52a32be358	actor	2021-06-16 20:14:09.716772+00
71db75ea-133b-4ad5-8da5-5c49dfb8c37a	57beb3fd-b1c9-4f8a-9c06-2da13f95251c	7a852205-2bf6-4b75-b3b2-8a46ed6e91ef	actor	2021-06-16 20:14:09.717751+00
0237fbbd-1afb-4bbe-a0ea-fc23b83f8f70	78efe505-6ef8-41f7-88ef-15840be2e680	84ce7fac-3601-42a6-a69b-da82fcacd3dd	actor	2021-06-16 20:14:09.718037+00
4623c446-9be9-41e0-8a7f-c1344c07139b	fdfc8266-5ece-4d85-b614-3cfe9be97b71	6dd77305-18ee-4d2e-9215-fd1a496ccfdf	actor	2021-06-16 20:14:09.718325+00
cff04e25-44ae-4c13-b776-8d37b6dbb006	b1384a92-f7fe-476b-b90b-6cec2b7a0dce	57a471b1-09dc-48fd-ba8a-1211015a0110	actor	2021-06-16 20:14:09.718918+00
c914243c-0640-4a72-a7f3-acd196a8035c	0312ed51-8833-413f-bff5-0e139c11264a	3217bc91-bcfc-44eb-a609-82d228115c50	writer	2021-06-16 20:14:09.719119+00
286dcd7f-2231-44ea-b5a0-ee7d4242edeb	025c58cd-1b7e-43be-9ffb-8571a613579b	26e83050-29ef-4163-a99d-b546cac208f8	actor	2021-06-16 20:14:09.719396+00
9e86c240-751f-4380-9b04-06abac11a15e	cddf9b8f-27f9-4fe9-97cb-9e27d4fe3394	cec00f0e-200b-4b48-9ed1-2f8fc3c67427	writer	2021-06-16 20:14:09.720206+00
2620e6de-4602-49eb-825a-f103fc9de5c9	991d143e-1342-4f7c-abf0-a9ede3abba20	2f7b8091-ed2b-4bd9-8813-bb00d686ea8d	actor	2021-06-16 20:14:09.720321+00
1a0e858f-d732-4a44-9332-88d0fb2a78dd	82297925-80cc-4c47-b6cf-6b5e06e23b70	58411ec0-c40a-43da-95e3-0adc74b7e7f6	writer	2021-06-16 20:14:09.720756+00
960e7662-5e50-4bc0-979a-484b6d210d70	fdfc8266-5ece-4d85-b614-3cfe9be97b71	96185bee-1b14-4320-84ff-def00c07593c	actor	2021-06-16 20:14:09.721767+00
30a7b7c1-b56c-432d-9a8b-cc112ead8b5e	118fd71b-93cd-4de5-95a4-e1485edad30e	c59c5caf-5ca9-430e-bde5-f5141de25cb6	actor	2021-06-16 20:14:09.721845+00
43e16bc2-f2cf-4094-9425-73ef4d12933a	47050db6-580f-493c-a007-a11c8768ce1b	88a99b4d-4d06-4754-b06c-93217cf53244	writer	2021-06-16 20:14:09.722272+00
b8a33138-ee91-495f-bc76-f4080526545f	b1384a92-f7fe-476b-b90b-6cec2b7a0dce	fc9f27d2-aaee-46e6-b263-40ec8d2dd355	actor	2021-06-16 20:14:09.722428+00
c6bbfcce-5c9f-4291-99a7-4e8247d71397	98167b6e-8d41-4378-9fc3-ee998677e6cb	09ea7635-dfee-4722-ad40-23c93ef03644	director	2021-06-16 20:14:09.723475+00
52ade9a5-2476-4c76-9d55-1091686df4a7	511b8ae8-f59d-450e-b9a2-22aabba2693b	836bb95b-6db8-4418-a110-f41663b1c025	actor	2021-06-16 20:14:09.724178+00
a4cffa7d-c30f-4695-9377-d8e1b75eaa58	134989c3-3b20-4ae7-8092-3e8ad2333d59	dc448893-7942-4677-a557-d8b1aa728ccf	director	2021-06-16 20:14:09.724372+00
96a99120-aeaa-4f79-9b03-1a515b972c49	50d842be-bcda-401e-90de-b06929611ce0	972c86a5-16f4-432b-b9b3-54965291ddb0	actor	2021-06-16 20:14:09.724643+00
f4204a89-e8a9-4b3f-8f12-29791a0c8e4a	47050db6-580f-493c-a007-a11c8768ce1b	d67d5cb8-4541-4b20-89be-4100ba95e615	writer	2021-06-16 20:14:09.724875+00
58e855f0-f5a5-471a-bbd0-dd72a54d7da3	4af6c9c9-0be0-4864-b1e9-7f87dd59ee1f	6960e2ca-889f-41f5-b728-1e7313e54d6c	writer	2021-06-16 20:14:09.725184+00
1d6fbda4-f71a-4f12-ab39-3e53a6fb39b7	57beb3fd-b1c9-4f8a-9c06-2da13f95251c	a5a8f573-3cee-4ccc-8a2b-91cb9f55250a	writer	2021-06-16 20:14:09.726692+00
e94d856f-06e7-4876-8315-09e50dcc6ea9	2bfc0f50-7a88-4d4c-bbf8-f839c6150e7e	6960e2ca-889f-41f5-b728-1e7313e54d6c	writer	2021-06-16 20:14:09.727275+00
f60216b8-5b16-4c59-a54a-c438f2e6d9b6	6ecc7a32-14a1-4da8-9881-bf81f0f09897	9b58c99a-e5a3-4f24-8f67-a038665758d6	writer	2021-06-16 20:14:09.728171+00
99b4a3d1-ed42-4efa-a267-aa25481bf8c0	c4c5e3de-c0c9-4091-b242-ceb331004dfd	ef1e2ad4-df4f-4fe0-8fa9-b8db690c4a19	actor	2021-06-16 20:14:09.728326+00
ec97592a-a76b-47d1-bd96-de289f7d1a13	511b8ae8-f59d-450e-b9a2-22aabba2693b	5a3d0299-2df2-4070-9fda-65ff4dfa863c	writer	2021-06-16 20:14:09.72918+00
b4c99efa-773a-48be-b235-ea4bcaded2c2	50fb4de9-e4b3-4aca-9f2f-00a48f12f9b3	57a471b1-09dc-48fd-ba8a-1211015a0110	actor	2021-06-16 20:14:09.729336+00
30ebde42-c3f6-4bcd-abfa-9e7b996a3707	82297925-80cc-4c47-b6cf-6b5e06e23b70	9758b894-57d7-465d-b657-c5803dd5b7f7	actor	2021-06-16 20:14:09.729491+00
6d9c6103-be08-4613-902a-6b3e62aaa87a	134989c3-3b20-4ae7-8092-3e8ad2333d59	86f1f44b-39f5-41a6-8b3b-af5a9ed09858	actor	2021-06-16 20:14:09.730079+00
cda38d50-1d08-41cd-88b2-5ff35d57c19b	991d143e-1342-4f7c-abf0-a9ede3abba20	5cb0b162-e971-43d3-a772-e45f419bd8e1	writer	2021-06-16 20:14:09.730314+00
4321ad8b-838c-4dc5-9a00-00f5a7fffd44	991d143e-1342-4f7c-abf0-a9ede3abba20	cf1a5a06-dc0a-4140-804d-b48c00b378cb	writer	2021-06-16 20:14:09.73071+00
db7a3dc5-8f26-4a7e-a6b2-c930d20c1ca6	98167b6e-8d41-4378-9fc3-ee998677e6cb	88a99b4d-4d06-4754-b06c-93217cf53244	writer	2021-06-16 20:14:09.732018+00
d5594e1a-f44f-4fc1-bb93-de74432b7fd8	c4c5e3de-c0c9-4091-b242-ceb331004dfd	a5a8f573-3cee-4ccc-8a2b-91cb9f55250a	director	2021-06-16 20:14:09.7327+00
b1a9307a-387d-42c7-bb53-02e68d317c76	6e5cd268-8ce4-45f9-87d2-52f0f26edc9e	6960e2ca-889f-41f5-b728-1e7313e54d6c	writer	2021-06-16 20:14:09.733075+00
f32c4725-d6e3-4d8a-8879-5f6453e6ec72	a7b11817-205f-4e1a-98b5-e3c48b824bc3	836bb95b-6db8-4418-a110-f41663b1c025	actor	2021-06-16 20:14:09.733196+00
3b6ca59b-42a7-4ef5-98ea-329e7af824b5	9c7dc26a-489d-4c08-9bba-6ae9dc8117f1	78e917f3-a80b-4d44-82f4-80712a4160ee	actor	2021-06-16 20:14:09.733236+00
97de7241-24c7-4dda-9e39-c51ceae37e46	fda827f8-d261-4c23-9e9c-e42787580c4d	2b0f84fb-416b-4c30-80db-69478bf872be	writer	2021-06-16 20:14:09.733904+00
035eaa19-be7c-4f57-bfb9-2b72cf6dc7d6	4af6c9c9-0be0-4864-b1e9-7f87dd59ee1f	a1758395-9578-41af-88b8-3f9456e6d938	director	2021-06-16 20:14:09.734098+00
b38b5bb9-9f5a-47e5-87c6-8988c28f47ff	12a8279d-d851-4eb9-9d64-d690455277cc	26e83050-29ef-4163-a99d-b546cac208f8	actor	2021-06-16 20:14:09.734386+00
6b3bfbed-9671-4adf-b0bf-5d9c53c8f2af	134989c3-3b20-4ae7-8092-3e8ad2333d59	f112018e-844a-49ba-a880-89ca8cc2389e	writer	2021-06-16 20:14:09.735174+00
bf3bfe81-e0e7-46f3-bc88-da20a2d4a6e0	319df05f-c5d9-4389-a84a-a43e695bf048	9e8559d3-5529-4313-9ea1-cb0c8b46f232	actor	2021-06-16 20:14:09.735252+00
87a9227f-f8d4-41b5-8919-754276f97b03	98167b6e-8d41-4378-9fc3-ee998677e6cb	d67d5cb8-4541-4b20-89be-4100ba95e615	writer	2021-06-16 20:14:09.735722+00
33689f79-79f9-4e11-9441-618b49ceee63	025c58cd-1b7e-43be-9ffb-8571a613579b	3217bc91-bcfc-44eb-a609-82d228115c50	writer	2021-06-16 20:14:09.736189+00
f550e200-d13b-4b86-86de-634537891231	6e5cd268-8ce4-45f9-87d2-52f0f26edc9e	807ce9c3-6294-485c-803a-1975066f239f	actor	2021-06-16 20:14:09.737097+00
71e5b23d-2b43-475a-87c2-2cde8a70acd3	3d825f60-9fff-4dfe-b294-1a45fa1e115d	5b4bf1bc-3397-4e83-9b17-8b10c6544ed1	actor	2021-06-16 20:14:09.737372+00
1a789173-51f6-4628-8774-2305be1833a9	9d284e83-21f0-4073-aac0-4abee51193d8	5bddea2c-8609-499a-a444-77e0142743c0	actor	2021-06-16 20:14:09.738312+00
8658782d-6137-4478-96cd-8750bfcbc07a	50d842be-bcda-401e-90de-b06929611ce0	88a99b4d-4d06-4754-b06c-93217cf53244	writer	2021-06-16 20:14:09.738778+00
80ccf9ce-d8f6-4cd3-adb4-017a403c586e	6ecc7a32-14a1-4da8-9881-bf81f0f09897	82b7dffe-6254-4598-b6ef-5be747193946	writer	2021-06-16 20:14:09.739641+00
268aebaa-63fb-4896-b48c-8ef156a83737	1b7d7c64-8be8-47db-8924-23029a9878a9	807ce9c3-6294-485c-803a-1975066f239f	actor	2021-06-16 20:14:09.740077+00
95e703b7-b174-4911-b01e-923901ed09ed	8cc3c3aa-e531-4eeb-a707-08119024b3ea	a3468637-c3c3-442c-892e-1625385c49c6	actor	2021-06-16 20:14:09.740781+00
4be08a26-4e9f-469c-bb62-90044376e4b8	57beb3fd-b1c9-4f8a-9c06-2da13f95251c	a2c091a2-281e-4732-9357-79b213d8d92f	writer	2021-06-16 20:14:09.743944+00
3231df1d-00ae-4393-9636-4167f3631dd8	3b914679-1f5e-4cbd-8044-d13d35d5236c	979996d5-ef97-427d-a0f5-d640cd1813a4	actor	2021-06-16 20:14:09.744221+00
c91aa74e-62eb-4265-971e-b1f4f741d3c4	1b7d7c64-8be8-47db-8924-23029a9878a9	836bb95b-6db8-4418-a110-f41663b1c025	actor	2021-06-16 20:14:09.744495+00
36c6e6b8-ce40-4003-aee2-589515a47ccb	c4c5e3de-c0c9-4091-b242-ceb331004dfd	a5a8f573-3cee-4ccc-8a2b-91cb9f55250a	writer	2021-06-16 20:14:09.745845+00
a8bed668-298b-4153-9b54-ba08b75a52e9	46f15353-2add-415d-9782-fa9c5b8083d5	a1758395-9578-41af-88b8-3f9456e6d938	director	2021-06-16 20:14:09.745961+00
2b1abed2-cc32-4b68-8a21-1994cc423043	c4c5e3de-c0c9-4091-b242-ceb331004dfd	69b02c62-a329-414d-83c6-ca54be34de24	actor	2021-06-16 20:14:09.746077+00
b7d7e72a-b0c9-4547-ac1c-6336f98165a1	8cc3c3aa-e531-4eeb-a707-08119024b3ea	8746ff78-577b-4bef-a7f7-1db05a102def	actor	2021-06-16 20:14:09.746155+00
e9692ab7-c1e3-46e9-b1cb-4e354102247b	cc397479-a5f8-488f-bd7f-7fbb94ec6e18	605f31b6-6929-46b5-8e90-b926423c9113	actor	2021-06-16 20:14:09.74674+00
75152787-2f48-4990-99e2-a2487ec070eb	511b8ae8-f59d-450e-b9a2-22aabba2693b	b5fa51d6-4753-4b64-819c-2de16af5c057	writer	2021-06-16 20:14:09.746822+00
28ab9e96-8313-46af-9390-248eacc73217	516f91da-bd70-4351-ba6d-25e16b7713b7	a5a8f573-3cee-4ccc-8a2b-91cb9f55250a	director	2021-06-16 20:14:09.74698+00
fb50b674-45fd-49de-838b-ffcdf57c7e59	3b914679-1f5e-4cbd-8044-d13d35d5236c	a5a8f573-3cee-4ccc-8a2b-91cb9f55250a	director	2021-06-16 20:14:09.747405+00
145739e8-0895-4692-8a12-e4386e95d290	118fd71b-93cd-4de5-95a4-e1485edad30e	189f1d17-c928-492a-aa33-2212b5ad1555	director	2021-06-16 20:14:09.747795+00
a1a1f303-111c-4b54-8fd4-f7a1c90b6124	de5347cf-a70d-430f-8005-786326e28794	7f100195-5faf-4746-8a2b-df2a3e57cc8b	actor	2021-06-16 20:14:09.748263+00
2c82d62f-53db-4b16-a7da-ec81e7fa0353	319df05f-c5d9-4389-a84a-a43e695bf048	5a8bad1b-586d-4283-a11c-af232bfd0418	actor	2021-06-16 20:14:09.749156+00
30a133fc-1d8e-4276-a0e2-ad6acdb70fb8	cddf9b8f-27f9-4fe9-97cb-9e27d4fe3394	a1758395-9578-41af-88b8-3f9456e6d938	director	2021-06-16 20:14:09.750052+00
86dd4660-c614-4158-ae0d-36e7c4f89d75	37c6cd37-1222-4470-9221-3170367d134b	807ce9c3-6294-485c-803a-1975066f239f	actor	2021-06-16 20:14:09.751302+00
6447171f-fb2d-43b0-9fb8-d768a9275be2	9c7dc26a-489d-4c08-9bba-6ae9dc8117f1	618ed131-f181-4932-b3cb-e637a87d594e	writer	2021-06-16 20:14:09.751731+00
5afeba90-0634-440f-bece-eb3683dfc101	511b8ae8-f59d-450e-b9a2-22aabba2693b	c883c2c6-d7a4-4001-8084-e2851904e91a	writer	2021-06-16 20:14:09.751963+00
548cc13c-ba7f-4810-a037-f5083f68edf5	6e5cd268-8ce4-45f9-87d2-52f0f26edc9e	5a3d0299-2df2-4070-9fda-65ff4dfa863c	actor	2021-06-16 20:14:09.752314+00
0d1fa4a7-d39c-426d-835d-3b7e318f89cd	6ecc7a32-14a1-4da8-9881-bf81f0f09897	afa7c253-6702-47d7-a451-cf2bc9350310	actor	2021-06-16 20:14:09.752861+00
d6505439-3b0d-4e3f-9334-d58ce9213c3b	025c58cd-1b7e-43be-9ffb-8571a613579b	b5d2b63a-ed1f-4e46-8320-cf52a32be358	actor	2021-06-16 20:14:09.753055+00
2541ad00-c067-4d26-be5a-a96f6d64db84	c9e1f6f0-4f1e-4a76-92ee-76c1942faa97	43bb73ff-0f0e-4169-b708-32a77dc1c50e	actor	2021-06-16 20:14:09.75321+00
0a67a664-961a-4326-86c7-a6eba62ebc1e	ddbc2fc3-389e-419f-a8fa-59e6cee10802	154db4b3-87e3-45b2-9e5b-8debff5ff3cb	actor	2021-06-16 20:14:09.753482+00
f756df8c-76a5-4a39-9857-d276ecd12746	47050db6-580f-493c-a007-a11c8768ce1b	3d6d8482-7a99-44cf-af06-3921e8bd5cca	actor	2021-06-16 20:14:09.755007+00
b7976c89-56c2-4e8e-a10f-e6d3c23eb83e	50fb4de9-e4b3-4aca-9f2f-00a48f12f9b3	5bddea2c-8609-499a-a444-77e0142743c0	actor	2021-06-16 20:14:09.756211+00
6cbfdf5e-3719-41cb-b9a3-d059a68cf519	134989c3-3b20-4ae7-8092-3e8ad2333d59	b5d2b63a-ed1f-4e46-8320-cf52a32be358	actor	2021-06-16 20:14:09.756486+00
53f5c544-0bcf-4280-802c-65df1cc0e81c	9d284e83-21f0-4073-aac0-4abee51193d8	6960e2ca-889f-41f5-b728-1e7313e54d6c	writer	2021-06-16 20:14:09.756761+00
2d59898c-1cfc-4909-8e90-a93e2f0640b3	fda827f8-d261-4c23-9e9c-e42787580c4d	5c360057-c51f-4376-bdf5-049b87fa853b	director	2021-06-16 20:14:09.756877+00
0de64799-35c1-42d1-baf6-84886a9fe2eb	991d143e-1342-4f7c-abf0-a9ede3abba20	e73f46a4-cf53-4b12-b5da-52503b6319f7	director	2021-06-16 20:14:09.757073+00
b510ad43-c1e3-4d64-a7e2-5d2c7cce5ab8	6e5cd268-8ce4-45f9-87d2-52f0f26edc9e	24b5b1fb-9931-4964-a0d2-ce664c00c1d5	writer	2021-06-16 20:14:09.757701+00
bede768a-3892-41c0-b514-4650b94f132b	46f15353-2add-415d-9782-fa9c5b8083d5	a1758395-9578-41af-88b8-3f9456e6d938	writer	2021-06-16 20:14:09.758528+00
88d03cd8-8e99-4c4f-9444-3c9fd693e394	4b6977e2-b3db-4f04-b83e-f091c6fcd49c	2620e673-3251-470e-830b-3d123bccd882	writer	2021-06-16 20:14:09.759113+00
5014ad22-e2ac-4af4-936f-5351497ce340	319df05f-c5d9-4389-a84a-a43e695bf048	13a08da2-15ca-4611-b8b0-6b25df62ae53	writer	2021-06-16 20:14:09.7597+00
7b6ccd85-4174-42d3-bc66-7e725cf0c524	ddbc2fc3-389e-419f-a8fa-59e6cee10802	2e32ab59-7df6-4b65-9cfa-954e0acf0ff3	actor	2021-06-16 20:14:09.759895+00
b1b28da4-5f97-4e48-b7ee-dccc59aa01bc	1b7d7c64-8be8-47db-8924-23029a9878a9	9758b894-57d7-465d-b657-c5803dd5b7f7	actor	2021-06-16 20:14:09.759935+00
849ac62c-9bff-43a9-b012-29f3ae538486	3b914679-1f5e-4cbd-8044-d13d35d5236c	a5a8f573-3cee-4ccc-8a2b-91cb9f55250a	writer	2021-06-16 20:14:09.760488+00
b4e7c87e-1fb6-4550-8590-20934f2f594d	98167b6e-8d41-4378-9fc3-ee998677e6cb	5bddea2c-8609-499a-a444-77e0142743c0	actor	2021-06-16 20:14:09.760529+00
1d132294-5115-4905-8d8a-e9f5d892739b	47050db6-580f-493c-a007-a11c8768ce1b	160a18f5-88b0-40eb-ac8f-545c4e35a723	actor	2021-06-16 20:14:09.760568+00
8ff2388f-e569-44c6-ab65-e7441bdbcaca	3b914679-1f5e-4cbd-8044-d13d35d5236c	69b02c62-a329-414d-83c6-ca54be34de24	actor	2021-06-16 20:14:09.760807+00
ff34e5e8-b78e-4d9c-9984-7df3fed70432	50d842be-bcda-401e-90de-b06929611ce0	a37e91d0-3c82-43f3-8517-68699ee134d6	director	2021-06-16 20:14:09.760845+00
46fa67c1-608d-49b7-b30e-d47ce21d09ac	de5347cf-a70d-430f-8005-786326e28794	d67afc96-b9ed-4c91-9507-ffc2018c58d7	writer	2021-06-16 20:14:09.763549+00
fcae3da8-785b-468e-9966-52a5c1376453	a144d250-6667-47e4-94bd-0ee59c0dc05f	d67afc96-b9ed-4c91-9507-ffc2018c58d7	writer	2021-06-16 20:14:09.764387+00
ef816dae-36bb-4bde-8edc-025cdee66088	b1f1e8a6-e310-47d9-a93c-6a7b192bac0e	8a34f121-7ce6-4021-b467-abec993fc6cd	actor	2021-06-16 20:14:09.765214+00
f1174f55-9be7-4998-add3-6293ea787fc5	57beb3fd-b1c9-4f8a-9c06-2da13f95251c	01377f6d-9767-48ce-9e37-3c81f8a3c739	actor	2021-06-16 20:14:09.765846+00
747a2d57-29a5-417d-9920-a276f416c50b	37c6cd37-1222-4470-9221-3170367d134b	5a3d0299-2df2-4070-9fda-65ff4dfa863c	actor	2021-06-16 20:14:09.766474+00
3df940f5-da1a-4a47-800b-dd1836aa31a7	3d825f60-9fff-4dfe-b294-1a45fa1e115d	26e83050-29ef-4163-a99d-b546cac208f8	actor	2021-06-16 20:14:09.767572+00
5d8a25f1-0469-4b30-ada3-f5fbc4048be1	50fb4de9-e4b3-4aca-9f2f-00a48f12f9b3	382da5d5-135b-4b02-a069-ba9beb5f3786	writer	2021-06-16 20:14:09.76777+00
9ce1f08c-4a23-4cfd-affa-089d1318bac2	d38c5a13-860e-478b-a645-e09d5d727244	26e3926b-6fad-4297-8bbe-dfc8921883cf	writer	2021-06-16 20:14:09.767809+00
640a278e-ce8c-4592-b59d-9f4fed78ae42	1b7d7c64-8be8-47db-8924-23029a9878a9	5a3d0299-2df2-4070-9fda-65ff4dfa863c	director	2021-06-16 20:14:09.76853+00
911799a1-6106-474a-aaa3-98f9c4153381	31231ab7-f5ab-4d7c-a10c-1448371380ea	0269638c-d5df-4a1c-8f3f-fb3815c1ef34	actor	2021-06-16 20:14:09.768727+00
d0c7e127-d564-43fb-af5a-e1800d0e4a2f	511b8ae8-f59d-450e-b9a2-22aabba2693b	6960e2ca-889f-41f5-b728-1e7313e54d6c	writer	2021-06-16 20:14:09.769286+00
f4b9a984-fcd0-461f-a177-9866dca3c438	3b914679-1f5e-4cbd-8044-d13d35d5236c	39abe5bd-33b3-44e8-8c12-2e360e2fa621	actor	2021-06-16 20:14:09.769883+00
abc67567-ba77-44ea-817e-4117426d2a8e	50fb4de9-e4b3-4aca-9f2f-00a48f12f9b3	6960e2ca-889f-41f5-b728-1e7313e54d6c	writer	2021-06-16 20:14:09.770392+00
54520578-a3d2-4aa6-a44e-9815f340561e	134989c3-3b20-4ae7-8092-3e8ad2333d59	47c4a7d9-9fb6-444d-9852-56df2d3a98c1	writer	2021-06-16 20:14:09.77143+00
89cfd6f3-6436-48db-824d-019024c128d9	192b3fc9-97e2-4260-91c6-a9b91a41e520	c358242d-2dd3-4fd4-afa7-dc187854a59b	actor	2021-06-16 20:14:09.772951+00
b4116347-cbc4-4ab1-b43a-dccb04d5effb	511b8ae8-f59d-450e-b9a2-22aabba2693b	807ce9c3-6294-485c-803a-1975066f239f	actor	2021-06-16 20:14:09.772989+00
c50ffcfe-2ff3-43fe-a1d8-10efc23292ed	4b6977e2-b3db-4f04-b83e-f091c6fcd49c	6785f113-f395-4140-87e2-8587096e5be6	director	2021-06-16 20:14:09.77467+00
c28eca87-e6df-46b2-b5d0-47b1f420d1df	192b3fc9-97e2-4260-91c6-a9b91a41e520	6a487623-baa0-4d44-854d-6ca1ca6f8ab4	writer	2021-06-16 20:14:09.776129+00
c6b09bb7-4a52-408c-ac0c-5e1554d11a95	50d842be-bcda-401e-90de-b06929611ce0	5bddea2c-8609-499a-a444-77e0142743c0	actor	2021-06-16 20:14:09.77636+00
272c3391-b2f5-47f2-ac57-97e46ba48efe	cc397479-a5f8-488f-bd7f-7fbb94ec6e18	0c7a51eb-1a64-4787-a042-3226e37dc512	actor	2021-06-16 20:14:09.776398+00
cfff31c5-ab84-45dc-a950-71c79f6182ce	2bfc0f50-7a88-4d4c-bbf8-f839c6150e7e	9758b894-57d7-465d-b657-c5803dd5b7f7	actor	2021-06-16 20:14:09.777549+00
aa29b2c5-7a82-47c8-9fdc-ba400f7d02eb	a144d250-6667-47e4-94bd-0ee59c0dc05f	d3377a4d-eee3-4fba-adca-fb60170afbeb	actor	2021-06-16 20:14:09.777702+00
760435bf-3228-4d38-bdeb-9ead6badfa50	a9d52337-3249-49ae-92b8-65ee9ebaf359	a6d0f7e6-450c-4a16-8b9f-1a6d9a1ce837	writer	2021-06-16 20:14:09.777934+00
aa108518-8c2c-409b-830d-4639ef0d756d	a7b11817-205f-4e1a-98b5-e3c48b824bc3	6960e2ca-889f-41f5-b728-1e7313e54d6c	writer	2021-06-16 20:14:09.778508+00
7019437f-e1b0-41c7-a414-e5d4764cdfc6	78efe505-6ef8-41f7-88ef-15840be2e680	ca0c00e3-9529-4a12-a27d-55d862f7b97b	writer	2021-06-16 20:14:09.779868+00
0ff1acf6-fdbb-4e08-aaa3-ba03e1543927	b1f1e8a6-e310-47d9-a93c-6a7b192bac0e	2cf03687-ebc3-47dc-a99f-602f6cc55f7a	writer	2021-06-16 20:14:09.780774+00
056d736e-d3d5-49c9-9eba-f72e4e42b2c4	c4c5e3de-c0c9-4091-b242-ceb331004dfd	62df10e8-244d-4c31-b396-564dfbc2f9c5	actor	2021-06-16 20:14:09.780812+00
28d5b7a9-b527-4e43-b8da-e9b02f2e0cc7	1b7d7c64-8be8-47db-8924-23029a9878a9	5a3d0299-2df2-4070-9fda-65ff4dfa863c	writer	2021-06-16 20:14:09.781197+00
964b9697-1d85-4808-b784-48e9bb65e343	c9e1f6f0-4f1e-4a76-92ee-76c1942faa97	b670fa3e-9f7b-4786-a00c-09d95f1e7b5c	writer	2021-06-16 20:14:09.781735+00
2489a2ed-bca2-403c-be2d-22224c877463	511b8ae8-f59d-450e-b9a2-22aabba2693b	1749841f-0569-49bb-96ce-3f9dd51b42e2	writer	2021-06-16 20:14:09.781811+00
5487db94-13d9-4dda-8b90-9d4bb20f0853	118fd71b-93cd-4de5-95a4-e1485edad30e	e0dd7338-b686-465c-93da-c9b2c57d46bb	writer	2021-06-16 20:14:09.7822+00
d33a4577-acc4-4c5f-8541-f50c96c08f24	46f15353-2add-415d-9782-fa9c5b8083d5	cdf3ace6-802d-4620-b875-809e6318a493	writer	2021-06-16 20:14:09.782392+00
630dd171-01e0-4f21-9b2d-29ef675d9b59	8cc3c3aa-e531-4eeb-a707-08119024b3ea	84c192fa-7178-4a57-bdd6-a81716e7bb40	writer	2021-06-16 20:14:09.784332+00
205dcecf-9e96-4afe-812f-6f77feda09c5	ddbc2fc3-389e-419f-a8fa-59e6cee10802	d6a04742-cc3d-43f7-9657-e3c73b37dfaa	director	2021-06-16 20:14:09.785927+00
d0e82386-e9ae-440c-82be-6bbcd056fe62	134989c3-3b20-4ae7-8092-3e8ad2333d59	7f4382be-73f0-4741-bd46-6f895099b661	writer	2021-06-16 20:14:09.786043+00
342f60ce-2e0b-431c-a416-eb3a3cc0241c	4af6c9c9-0be0-4864-b1e9-7f87dd59ee1f	9f38323f-5912-40d2-a90c-b56899746f2a	actor	2021-06-16 20:14:09.786201+00
212c945e-0751-4d89-8295-8a5e3d054e4d	a144d250-6667-47e4-94bd-0ee59c0dc05f	88a99b4d-4d06-4754-b06c-93217cf53244	writer	2021-06-16 20:14:09.786278+00
dd634e33-96ab-4ef0-91db-60527387e7be	bfe61bd9-5dfd-41ca-80ae-8eca998bc29d	c7d49113-c202-45a8-a267-a8cd61f27543	actor	2021-06-16 20:14:09.786897+00
20231916-be1f-4e07-8375-cb22491f42b6	6ecc7a32-14a1-4da8-9881-bf81f0f09897	6960e2ca-889f-41f5-b728-1e7313e54d6c	writer	2021-06-16 20:14:09.786974+00
c120d583-5360-4473-bf0d-19ebd18c36c7	9c7dc26a-489d-4c08-9bba-6ae9dc8117f1	cff61032-be90-44b6-85e2-c0fd6049440c	writer	2021-06-16 20:14:09.787013+00
9919b944-8166-4a36-b942-13339de299b4	856bc547-0bae-4de5-8bcc-6d3f9e92d3eb	a2b715d4-43f9-418e-a8b0-10ecb3ded1a5	writer	2021-06-16 20:14:09.787168+00
1586958c-fe81-4d60-8576-8f257dfc43ba	4af6c9c9-0be0-4864-b1e9-7f87dd59ee1f	8a34f121-7ce6-4021-b467-abec993fc6cd	actor	2021-06-16 20:14:09.787787+00
88bbcb12-f2dc-42b8-b02e-cafc9a6f8017	511b8ae8-f59d-450e-b9a2-22aabba2693b	5a3d0299-2df2-4070-9fda-65ff4dfa863c	actor	2021-06-16 20:14:09.788212+00
733e834f-e6b1-4e64-9d74-b92ef4cf0acd	134989c3-3b20-4ae7-8092-3e8ad2333d59	70adcb88-ed89-4654-866e-9b124b95c82b	writer	2021-06-16 20:14:09.788525+00
11a1c898-68a1-4ba8-aadd-d2644911ffab	118fd71b-93cd-4de5-95a4-e1485edad30e	06d3686f-56e0-40df-81ea-af95a203b58a	writer	2021-06-16 20:14:09.788603+00
4abe2779-d0e4-420b-a937-57b6ac721e63	d38c5a13-860e-478b-a645-e09d5d727244	896516e8-104d-4478-b8af-4b2af0d3afb2	actor	2021-06-16 20:14:09.78945+00
2ac40e67-f79b-44da-90b8-9275093501b3	50d842be-bcda-401e-90de-b06929611ce0	6960e2ca-889f-41f5-b728-1e7313e54d6c	writer	2021-06-16 20:14:09.790838+00
9cf58b9d-cf27-4462-8f07-f0f5b836957a	b503ced6-fff1-493a-ad41-73449b55ffee	a3468637-c3c3-442c-892e-1625385c49c6	actor	2021-06-16 20:14:09.790952+00
74eac144-1c45-404a-9b50-134b6d87c206	82297925-80cc-4c47-b6cf-6b5e06e23b70	9758b894-57d7-465d-b657-c5803dd5b7f7	director	2021-06-16 20:14:09.791417+00
2bddf62c-4238-469b-be7a-3f9934132818	12a8279d-d851-4eb9-9d64-d690455277cc	2d6f6284-13ce-4d25-9453-c4335432c116	actor	2021-06-16 20:14:09.791647+00
14f28b51-8802-43d1-b82d-12daa410817e	b1f1e8a6-e310-47d9-a93c-6a7b192bac0e	afa7c253-6702-47d7-a451-cf2bc9350310	actor	2021-06-16 20:14:09.791958+00
2303b105-77c2-43a5-abc8-23c4ced068c7	46f15353-2add-415d-9782-fa9c5b8083d5	2d6f6284-13ce-4d25-9453-c4335432c116	actor	2021-06-16 20:14:09.792935+00
28f449d3-182f-49a2-be7c-494fb52b21e7	fda827f8-d261-4c23-9e9c-e42787580c4d	77789b44-e734-4fa6-91e8-212a09fa4a32	actor	2021-06-16 20:14:09.793284+00
8beff803-9cfe-4e75-90ef-e387827a9f1e	516f91da-bd70-4351-ba6d-25e16b7713b7	c777f646-dae0-466f-867a-bc535a0b021b	actor	2021-06-16 20:14:09.793831+00
e9dd83e7-b886-4b56-a5ab-26253ec26dbc	9c7dc26a-489d-4c08-9bba-6ae9dc8117f1	c05bfb01-60d1-42c7-b372-62bc0a916abf	actor	2021-06-16 20:14:09.794186+00
cdbb9036-fd34-4c94-98a2-8465e312685d	cddf9b8f-27f9-4fe9-97cb-9e27d4fe3394	5b4bf1bc-3397-4e83-9b17-8b10c6544ed1	actor	2021-06-16 20:14:09.794654+00
e94c02f6-4637-4625-a318-1e1b17745f01	82297925-80cc-4c47-b6cf-6b5e06e23b70	6960e2ca-889f-41f5-b728-1e7313e54d6c	writer	2021-06-16 20:14:09.797057+00
48c49ee4-fdf1-4653-ab5e-8f4b5ddb6af2	57beb3fd-b1c9-4f8a-9c06-2da13f95251c	c69da9bd-eb87-4a06-be70-95d4ee2da1cc	actor	2021-06-16 20:14:09.79756+00
982f75a0-f648-4129-8b20-6241827d008c	bfe61bd9-5dfd-41ca-80ae-8eca998bc29d	0031feab-8f53-412a-8f53-47098a60ac73	director	2021-06-16 20:14:09.797721+00
1a95af51-88c3-446b-bc1a-04dc754f8185	ddbc2fc3-389e-419f-a8fa-59e6cee10802	7fb9ae3d-aeac-40a9-aa25-cd6992be16a6	writer	2021-06-16 20:14:09.798742+00
5da07475-9e99-4255-a977-6ed907888a36	37c6cd37-1222-4470-9221-3170367d134b	836bb95b-6db8-4418-a110-f41663b1c025	actor	2021-06-16 20:14:09.799096+00
efd1d683-56f5-44b1-9f25-86f9a5704221	3b914679-1f5e-4cbd-8044-d13d35d5236c	c777f646-dae0-466f-867a-bc535a0b021b	actor	2021-06-16 20:14:09.80024+00
9ebfde88-828f-45c9-bd72-4d650095fa83	6e5cd268-8ce4-45f9-87d2-52f0f26edc9e	9758b894-57d7-465d-b657-c5803dd5b7f7	actor	2021-06-16 20:14:09.800502+00
5f3f5eed-6aa8-4a98-854c-53d4f2ba42e5	78efe505-6ef8-41f7-88ef-15840be2e680	a6c6787c-c77a-457e-b188-c43cb31cc15b	actor	2021-06-16 20:14:09.80062+00
2cfd2a39-9d83-4ac8-9613-344083e8ca2c	c9e1f6f0-4f1e-4a76-92ee-76c1942faa97	3f123595-ecfb-4740-a1c5-ceab9fc21c23	actor	2021-06-16 20:14:09.800703+00
4034cdae-1feb-470c-8905-ae3d68813a7a	fda827f8-d261-4c23-9e9c-e42787580c4d	5ac68e18-a84c-4a98-a2ba-85d1bc85e0a4	writer	2021-06-16 20:14:09.801341+00
7ffe663d-7996-465b-bb56-c9fc8b8e63b5	b503ced6-fff1-493a-ad41-73449b55ffee	8746ff78-577b-4bef-a7f7-1db05a102def	actor	2021-06-16 20:14:09.802768+00
4b1b0013-6f67-4311-bcad-745ba4f5c23d	4b6977e2-b3db-4f04-b83e-f091c6fcd49c	97484370-08a0-4944-9564-6d957d78a85c	actor	2021-06-16 20:14:09.802887+00
0ec4fa9a-3e6d-4054-a690-91f17c7ad0d9	cddf9b8f-27f9-4fe9-97cb-9e27d4fe3394	a5a8f573-3cee-4ccc-8a2b-91cb9f55250a	writer	2021-06-16 20:14:09.803779+00
9ac9e397-c6b1-401d-bd27-c5171908cc0f	98167b6e-8d41-4378-9fc3-ee998677e6cb	972c86a5-16f4-432b-b9b3-54965291ddb0	actor	2021-06-16 20:14:09.804848+00
118a82ae-fb57-4b3b-b62b-4b3769fbd127	8cc3c3aa-e531-4eeb-a707-08119024b3ea	dd73742c-efa5-41e8-a824-9013b099f8d5	writer	2021-06-16 20:14:09.805192+00
73262c52-ae40-4c51-914b-fd25b16b0f85	ddbc2fc3-389e-419f-a8fa-59e6cee10802	42382903-c0da-4937-991a-c38efada9c61	actor	2021-06-16 20:14:09.805231+00
d7efc415-2b83-4075-b793-b2c26475a148	0312ed51-8833-413f-bff5-0e139c11264a	5b4bf1bc-3397-4e83-9b17-8b10c6544ed1	actor	2021-06-16 20:14:09.805588+00
e5109b69-ea28-45e8-8a34-894273af3e82	a144d250-6667-47e4-94bd-0ee59c0dc05f	7970a901-e0ee-4a71-a2ea-9c964dcffc29	actor	2021-06-16 20:14:09.806038+00
89e9e6fb-7e11-42ea-b508-57eda46c860b	9d284e83-21f0-4073-aac0-4abee51193d8	57a471b1-09dc-48fd-ba8a-1211015a0110	actor	2021-06-16 20:14:09.807025+00
ec713c37-dee0-459e-ad25-02f7189e5649	496f504e-20fa-4dfd-b4cb-c7c4ef636e07	fc616cc0-3961-44ff-ac27-9bfdcc28917f	actor	2021-06-16 20:14:09.808634+00
ab8dba0a-ff3d-4dba-9b58-cba86887d1d0	496f504e-20fa-4dfd-b4cb-c7c4ef636e07	eda15243-9373-412b-8010-1cc70cacebf5	director	2021-06-16 20:14:09.809617+00
3a11dded-b511-45d9-b616-31a770439d0d	82297925-80cc-4c47-b6cf-6b5e06e23b70	5a3d0299-2df2-4070-9fda-65ff4dfa863c	actor	2021-06-16 20:14:09.810818+00
9f90eaa3-8811-4db6-82a4-85f832d01976	118fd71b-93cd-4de5-95a4-e1485edad30e	ac44d92b-7de3-4274-908f-0173e6ba310b	actor	2021-06-16 20:14:09.813174+00
85e1fb95-c52e-4a23-9ac7-650590ac9aec	9c7dc26a-489d-4c08-9bba-6ae9dc8117f1	477c81a7-4caf-4ce3-b354-831169a1a068	actor	2021-06-16 20:14:09.813758+00
d18cb070-11ce-449c-bf59-0c4012a87678	0312ed51-8833-413f-bff5-0e139c11264a	a5a8f573-3cee-4ccc-8a2b-91cb9f55250a	writer	2021-06-16 20:14:09.813914+00
6a99b613-13a6-4cb3-b3aa-a4a67f54ca2e	fdfc8266-5ece-4d85-b614-3cfe9be97b71	b4e1b2bd-7f36-4322-8a96-0baecf121424	actor	2021-06-16 20:14:09.814466+00
358ce366-3a55-4da3-a0aa-33a6a76b13fc	d38c5a13-860e-478b-a645-e09d5d727244	976fdf00-4f46-429b-af5b-2ddf2ff1b7c5	actor	2021-06-16 20:14:09.814582+00
f114d104-4925-48e0-b632-3112cd739f89	37c6cd37-1222-4470-9221-3170367d134b	9758b894-57d7-465d-b657-c5803dd5b7f7	actor	2021-06-16 20:14:09.814775+00
d9c0d6cf-846e-449b-901b-b0ae5fff9c6a	78efe505-6ef8-41f7-88ef-15840be2e680	c7edc3ef-8ae8-4fb2-9999-e33a96ef48ba	actor	2021-06-16 20:14:09.81528+00
72bf11ec-727f-4f66-ba96-1749e1d86c1f	8cc3c3aa-e531-4eeb-a707-08119024b3ea	32f131ef-cd32-4659-a037-bcff3f12ac0c	director	2021-06-16 20:14:09.815552+00
dd277954-86fb-4b11-af55-08c283507dbd	db5dcded-29da-4c96-91a2-df1407f0a80a	9758b894-57d7-465d-b657-c5803dd5b7f7	actor	2021-06-16 20:14:09.815906+00
b199c3ef-015d-4f9d-88cc-1698b552c432	31231ab7-f5ab-4d7c-a10c-1448371380ea	26d80d5e-a037-40ca-9806-cf0aa61b1f87	writer	2021-06-16 20:14:09.817202+00
ee0438e4-25e9-4911-b759-b10f2fc511e1	6ecc7a32-14a1-4da8-9881-bf81f0f09897	dbac6947-e620-4f92-b6a1-dae9a3b07422	writer	2021-06-16 20:14:09.81904+00
dc677088-1582-4e06-8d1e-8291e891e6c8	50fb4de9-e4b3-4aca-9f2f-00a48f12f9b3	5bddea2c-8609-499a-a444-77e0142743c0	director	2021-06-16 20:14:09.81943+00
08515e22-6cf7-4cba-81db-d188899604a5	de5347cf-a70d-430f-8005-786326e28794	d58cfb85-fbec-46c4-b2ae-b9b87b9c8d70	actor	2021-06-16 20:14:09.820175+00
6559ae78-d498-4e2a-9d4e-b43a0bd8a280	9c7dc26a-489d-4c08-9bba-6ae9dc8117f1	7754f297-7531-4d31-9ae4-b46100a54982	writer	2021-06-16 20:14:09.820337+00
c0f0a01b-5a90-4fea-a032-cf9f002cad3b	856bc547-0bae-4de5-8bcc-6d3f9e92d3eb	9dc44d38-40ef-48ad-ad87-5e4fb6524f38	actor	2021-06-16 20:14:09.821343+00
ecc5baac-f038-4847-906b-bb215f0eeae9	496f504e-20fa-4dfd-b4cb-c7c4ef636e07	8c0eb98b-4020-4012-914e-533939ddafde	writer	2021-06-16 20:14:09.821846+00
ec6ff8b6-6c52-446e-b5ab-375d9ef1b762	12a8279d-d851-4eb9-9d64-d690455277cc	b66db341-5dcd-4aaf-b536-050b59979357	director	2021-06-16 20:14:09.822511+00
15eb1258-e342-4b61-bd03-8f84deded3b5	4af6c9c9-0be0-4864-b1e9-7f87dd59ee1f	959d148c-022b-427f-a68b-bbe58674fe65	actor	2021-06-16 20:14:09.825466+00
20d96fdf-1a6d-4a22-ba00-36f1686e517d	a7b11817-205f-4e1a-98b5-e3c48b824bc3	807ce9c3-6294-485c-803a-1975066f239f	actor	2021-06-16 20:14:09.826015+00
430477da-191b-47b4-bef1-5d86619290c8	118fd71b-93cd-4de5-95a4-e1485edad30e	a5a8f573-3cee-4ccc-8a2b-91cb9f55250a	writer	2021-06-16 20:14:09.827432+00
b051bf32-6b83-446d-9aba-c54f5b77b46c	1b7d7c64-8be8-47db-8924-23029a9878a9	7caea3e2-194c-4876-be8f-60b1a4743d21	writer	2021-06-16 20:14:09.827471+00
3d6a3532-1768-499d-99dd-0a52c4fbd4d2	9d284e83-21f0-4073-aac0-4abee51193d8	d67afc96-b9ed-4c91-9507-ffc2018c58d7	writer	2021-06-16 20:14:09.827703+00
cf6d830b-261b-4480-a0e9-8f8efd1e2e64	319df05f-c5d9-4389-a84a-a43e695bf048	b1ff15a7-3c80-4474-bc82-97a9655cce55	actor	2021-06-16 20:14:09.828018+00
d7cd657f-7983-42b6-a5c8-480e0ed27214	a9d52337-3249-49ae-92b8-65ee9ebaf359	6ba834a0-1039-4b5c-ab78-d5f1f18a4e7d	writer	2021-06-16 20:14:09.828137+00
619cee4f-2b79-4e8b-8dc5-f64e1edce097	a9d52337-3249-49ae-92b8-65ee9ebaf359	32f131ef-cd32-4659-a037-bcff3f12ac0c	actor	2021-06-16 20:14:09.828484+00
33943ce7-7a14-4c34-b40c-37cc7a2fe911	b503ced6-fff1-493a-ad41-73449b55ffee	5237aac5-f652-4aa5-9061-55bb007cd7be	actor	2021-06-16 20:14:09.828562+00
cfc27a44-17b1-4f2b-9bb7-28152dcb7555	50fb4de9-e4b3-4aca-9f2f-00a48f12f9b3	fc9f27d2-aaee-46e6-b263-40ec8d2dd355	actor	2021-06-16 20:14:09.828832+00
b94f22eb-fe8e-4ae7-9fa7-9946efc09af1	ddbc2fc3-389e-419f-a8fa-59e6cee10802	2a2e7dfb-06ff-4c43-889d-05544f531d4d	writer	2021-06-16 20:14:09.82946+00
3d712bb3-4d91-4160-baa4-0b59c6669fb7	31231ab7-f5ab-4d7c-a10c-1448371380ea	0269638c-d5df-4a1c-8f3f-fb3815c1ef34	director	2021-06-16 20:14:09.831249+00
fc35c9df-3f4b-403d-9490-ed2e1eb67c44	46f15353-2add-415d-9782-fa9c5b8083d5	26e83050-29ef-4163-a99d-b546cac208f8	actor	2021-06-16 20:14:09.832494+00
d7303896-ca00-434e-b9a7-0637b70401e8	991d143e-1342-4f7c-abf0-a9ede3abba20	852a421c-68f3-4f62-9cdf-1f89b8a57d92	actor	2021-06-16 20:14:09.833039+00
5f6dfdd1-caeb-4441-8ca6-f9fc6cbe2784	fda827f8-d261-4c23-9e9c-e42787580c4d	e259d88e-b693-436a-9fed-a10204b8fd91	writer	2021-06-16 20:14:09.833661+00
8cc56d43-cc66-4b10-a508-1596d23234d9	12a8279d-d851-4eb9-9d64-d690455277cc	b66db341-5dcd-4aaf-b536-050b59979357	writer	2021-06-16 20:14:09.834775+00
e559e930-c73d-4215-a2a6-1b69c7af1c49	de5347cf-a70d-430f-8005-786326e28794	e3a8bf89-10a9-404a-8cd8-ea249c0a654e	writer	2021-06-16 20:14:09.835831+00
a3da2bd3-9e2f-416f-aed4-6edd0909e4d2	cddf9b8f-27f9-4fe9-97cb-9e27d4fe3394	26e83050-29ef-4163-a99d-b546cac208f8	actor	2021-06-16 20:14:09.836263+00
493c02a4-ff0f-4654-9243-c4e9242a39a0	511b8ae8-f59d-450e-b9a2-22aabba2693b	9758b894-57d7-465d-b657-c5803dd5b7f7	actor	2021-06-16 20:14:09.836343+00
54366805-7022-4dce-b8ea-7d00a67f7c58	b1f1e8a6-e310-47d9-a93c-6a7b192bac0e	6960e2ca-889f-41f5-b728-1e7313e54d6c	writer	2021-06-16 20:14:09.83646+00
2eb240cd-20ba-42ab-b8cd-964461424f17	ddbc2fc3-389e-419f-a8fa-59e6cee10802	e6cab71d-a637-4ba0-ad51-2097e038e41d	actor	2021-06-16 20:14:09.836729+00
47a746db-16cb-4a50-aff1-3898bed2401f	991d143e-1342-4f7c-abf0-a9ede3abba20	618486f1-3f4e-43c0-833d-33dadb7090e2	writer	2021-06-16 20:14:09.837629+00
df73c184-5e1c-404a-8f25-28c1234919ae	025c58cd-1b7e-43be-9ffb-8571a613579b	efdd1787-8871-4aa9-b1d7-f68e55b913ed	actor	2021-06-16 20:14:09.837668+00
0ef4224a-1d4f-4e14-966f-de719b241edb	12a8279d-d851-4eb9-9d64-d690455277cc	7026c3f4-d7b8-414a-99d5-06de1788a0ee	actor	2021-06-16 20:14:09.83916+00
2979c267-4895-4d7b-baa0-0f6e7426cc56	d38c5a13-860e-478b-a645-e09d5d727244	ddd48c5e-8c30-4db8-869c-4b591b9697b5	actor	2021-06-16 20:14:09.839709+00
0e5fba46-abe0-4386-ad9c-c1977840fb80	cc397479-a5f8-488f-bd7f-7fbb94ec6e18	8a9cb7b2-dd61-4f7f-94ec-61aac18ed5d9	writer	2021-06-16 20:14:09.840293+00
e9fdae4f-98d5-4e62-91a9-bc00c8eae453	a7b11817-205f-4e1a-98b5-e3c48b824bc3	317ba074-e7bf-4c7a-a6e3-da71b1e7cbf2	writer	2021-06-16 20:14:09.84041+00
3412b6e4-9002-4e40-ab5a-bda5ce3056fc	118fd71b-93cd-4de5-95a4-e1485edad30e	ccb3418a-d3e2-4878-a355-6f720211f39f	actor	2021-06-16 20:14:09.840489+00
97d0820c-db12-47c6-a706-cc407f8132bc	1b7d7c64-8be8-47db-8924-23029a9878a9	5a3d0299-2df2-4070-9fda-65ff4dfa863c	actor	2021-06-16 20:14:09.840569+00
418d0e2b-22a4-4937-bef5-878a035cff9f	46f15353-2add-415d-9782-fa9c5b8083d5	7026c3f4-d7b8-414a-99d5-06de1788a0ee	actor	2021-06-16 20:14:09.840646+00
c0a5e3a4-0fe2-49da-911e-80616e98b2e3	192b3fc9-97e2-4260-91c6-a9b91a41e520	24f48dd1-c19b-4a78-aa05-1b2db0235296	director	2021-06-16 20:14:09.842801+00
7f0d6e65-de80-47ef-827a-5c21acf311c3	fda827f8-d261-4c23-9e9c-e42787580c4d	e31f6518-6f0a-4738-a224-211eb4150e13	writer	2021-06-16 20:14:09.842881+00
1d501d03-6bb0-48df-b5f6-a5c58f2a095e	31231ab7-f5ab-4d7c-a10c-1448371380ea	0269638c-d5df-4a1c-8f3f-fb3815c1ef34	writer	2021-06-16 20:14:09.843194+00
534e4d98-844f-4c1a-b6ff-8541a7602547	a7b11817-205f-4e1a-98b5-e3c48b824bc3	9758b894-57d7-465d-b657-c5803dd5b7f7	actor	2021-06-16 20:14:09.845268+00
7cc64d6b-fc83-41ce-8092-793aa440082e	fda827f8-d261-4c23-9e9c-e42787580c4d	e52627f7-a659-476a-b415-e58e6bebe824	actor	2021-06-16 20:14:09.845468+00
57de258c-f994-4539-90a0-736a01c33692	bfe61bd9-5dfd-41ca-80ae-8eca998bc29d	4017cda3-0934-41b1-b8e9-0e3fb792d2ce	actor	2021-06-16 20:14:09.845544+00
50ff35f0-80cc-4a24-b6ef-b8a4bd3c0b5d	57beb3fd-b1c9-4f8a-9c06-2da13f95251c	ce06e6d7-600b-4829-badf-5d02c61f1a92	actor	2021-06-16 20:14:09.845965+00
62cf387f-1472-465c-a9ef-afee6007b83b	856bc547-0bae-4de5-8bcc-6d3f9e92d3eb	a2b715d4-43f9-418e-a8b0-10ecb3ded1a5	actor	2021-06-16 20:14:09.846345+00
7e809c25-51ee-48f8-8b67-4ffd398cb3c7	118fd71b-93cd-4de5-95a4-e1485edad30e	6d9a226f-85ca-4270-9f26-7d1b1cc7b444	writer	2021-06-16 20:14:09.846612+00
37ecab5c-4aa4-450d-8f09-1406fb490615	ddbc2fc3-389e-419f-a8fa-59e6cee10802	e259d88e-b693-436a-9fed-a10204b8fd91	writer	2021-06-16 20:14:09.846801+00
4f0a961c-a9b1-45da-b4db-1423ebfba54f	1b7d7c64-8be8-47db-8924-23029a9878a9	58411ec0-c40a-43da-95e3-0adc74b7e7f6	writer	2021-06-16 20:14:09.84699+00
d8bb54d2-d7b6-4370-acbb-6c6bb754e2ea	9c7dc26a-489d-4c08-9bba-6ae9dc8117f1	200a8ad1-fe5a-4246-a31c-57902b000613	director	2021-06-16 20:14:09.847591+00
ec1cc9f5-d5dd-46d5-8870-c91f8e8500ec	118fd71b-93cd-4de5-95a4-e1485edad30e	6e2f9652-460b-4c6a-b527-5c05b40965fe	actor	2021-06-16 20:14:09.847755+00
514e4a23-830a-4fc9-a2f7-a4b1e8e55e86	c9e1f6f0-4f1e-4a76-92ee-76c1942faa97	861a3116-7f75-4b7c-b1a1-5efd4936589c	actor	2021-06-16 20:14:09.84832+00
e109003f-b77a-40cf-bf94-113484cb3fa6	82297925-80cc-4c47-b6cf-6b5e06e23b70	836bb95b-6db8-4418-a110-f41663b1c025	actor	2021-06-16 20:14:09.848398+00
429d6e73-4b96-484a-bbfb-a2f33b6fc853	496f504e-20fa-4dfd-b4cb-c7c4ef636e07	b2362da9-6c24-422c-8085-01851ba79297	actor	2021-06-16 20:14:09.848473+00
56a1188d-b334-4782-9026-ec401e239796	db5dcded-29da-4c96-91a2-df1407f0a80a	836bb95b-6db8-4418-a110-f41663b1c025	actor	2021-06-16 20:14:09.84945+00
c1f1db3a-8cdd-483e-9e1c-ccd1ad4beb83	37c6cd37-1222-4470-9221-3170367d134b	6960e2ca-889f-41f5-b728-1e7313e54d6c	writer	2021-06-16 20:14:09.85006+00
3aab2219-dba9-4cac-b121-d056a6d22912	b503ced6-fff1-493a-ad41-73449b55ffee	976fdf00-4f46-429b-af5b-2ddf2ff1b7c5	actor	2021-06-16 20:14:09.850138+00
cf1f6faf-598f-4761-a2fe-cd4fa081cdea	192b3fc9-97e2-4260-91c6-a9b91a41e520	0d1d24d6-9840-4519-8e7b-dabca3970ae0	actor	2021-06-16 20:14:09.855159+00
8031734f-37cf-4648-a0fa-5db9a28b5907	a7b11817-205f-4e1a-98b5-e3c48b824bc3	207c28f1-2d25-4f6c-b3d2-1ba2a18c51de	writer	2021-06-16 20:14:09.856262+00
44234c9e-c00c-4db0-8e8c-3cc71b98b355	516f91da-bd70-4351-ba6d-25e16b7713b7	a5a8f573-3cee-4ccc-8a2b-91cb9f55250a	writer	2021-06-16 20:14:09.856871+00
e2e8cc4a-52e7-4e68-a28d-92009edd3739	516f91da-bd70-4351-ba6d-25e16b7713b7	69b02c62-a329-414d-83c6-ca54be34de24	actor	2021-06-16 20:14:09.857329+00
922627dc-3802-4814-b63b-81fd470df4f1	4b6977e2-b3db-4f04-b83e-f091c6fcd49c	2f094f6a-4da5-4045-9225-40a3c3de7b1d	actor	2021-06-16 20:14:09.857518+00
48fd1518-ed85-4632-9668-3ffc7f4bae37	a9d52337-3249-49ae-92b8-65ee9ebaf359	11819966-b9d1-494d-bafa-9033ddbe3ab4	actor	2021-06-16 20:14:09.857936+00
d7bb0ac3-06e2-4600-bed6-13f07e0c829b	0312ed51-8833-413f-bff5-0e139c11264a	ed149438-4d76-45c9-861b-d3ed48ccbf0c	writer	2021-06-16 20:14:09.858357+00
1c411e44-95c5-4651-bc5e-493376d0fdbf	6ecc7a32-14a1-4da8-9881-bf81f0f09897	9f38323f-5912-40d2-a90c-b56899746f2a	actor	2021-06-16 20:14:09.859964+00
6d329bde-2729-4cb8-9dc6-2d6272463888	cddf9b8f-27f9-4fe9-97cb-9e27d4fe3394	a1758395-9578-41af-88b8-3f9456e6d938	writer	2021-06-16 20:14:09.860308+00
b5ac8fdd-1cc6-42f7-9d53-9c0fe389b0d0	b1f1e8a6-e310-47d9-a93c-6a7b192bac0e	698522c6-f8e9-403a-8922-9d320dec5753	writer	2021-06-16 20:14:09.860615+00
4eedd4a1-60dc-487e-a924-8486515f90c6	6ecc7a32-14a1-4da8-9881-bf81f0f09897	8a34f121-7ce6-4021-b467-abec993fc6cd	actor	2021-06-16 20:14:09.861351+00
8eb652c8-84d2-45f6-a86b-ed10866f39c4	57beb3fd-b1c9-4f8a-9c06-2da13f95251c	3217bc91-bcfc-44eb-a609-82d228115c50	writer	2021-06-16 20:14:09.863196+00
5134218c-a455-44ac-a6f2-43aac2ad8754	8cc3c3aa-e531-4eeb-a707-08119024b3ea	13f1f40e-cf1b-446e-a7c4-e30d377bce35	writer	2021-06-16 20:14:09.863387+00
62e41845-8c57-4048-9d99-eb11bd10eef1	50fb4de9-e4b3-4aca-9f2f-00a48f12f9b3	88a99b4d-4d06-4754-b06c-93217cf53244	writer	2021-06-16 20:14:09.863655+00
f8307541-a105-4d15-a67c-53b7c6b9dbb6	319df05f-c5d9-4389-a84a-a43e695bf048	7fd71d89-3e74-4876-a223-a7ac808711f1	actor	2021-06-16 20:14:09.863769+00
30b8997e-ab29-4b4b-8dae-a48d9675f7b3	0312ed51-8833-413f-bff5-0e139c11264a	efdd1787-8871-4aa9-b1d7-f68e55b913ed	actor	2021-06-16 20:14:09.864585+00
81d226a7-2985-4d2c-aa67-b5e7940936b2	192b3fc9-97e2-4260-91c6-a9b91a41e520	a02640da-38c3-4796-b1bf-37d7c4d37344	actor	2021-06-16 20:14:09.865161+00
31da32ba-186c-4558-89f0-45d9a2e9c162	0312ed51-8833-413f-bff5-0e139c11264a	b5d2b63a-ed1f-4e46-8320-cf52a32be358	actor	2021-06-16 20:14:09.865772+00
5a819b05-0400-450a-acdc-6f4044ae08e2	0312ed51-8833-413f-bff5-0e139c11264a	1989ed1e-0c0b-4872-9dfb-f5ed13c764e2	director	2021-06-16 20:14:09.86585+00
fd46702c-2ef6-483e-a933-7e2a97c12bea	c9e1f6f0-4f1e-4a76-92ee-76c1942faa97	bd2a8ab8-a7bc-45cf-852b-d23cb1cf4b5d	actor	2021-06-16 20:14:09.866152+00
fa97b10c-9cfc-4196-88d8-d4c9c559e0ef	a7b11817-205f-4e1a-98b5-e3c48b824bc3	7dd18bd5-6748-4f6d-8919-c4eb5d660632	director	2021-06-16 20:14:09.866995+00
f5af9e76-ac44-483e-97c3-35e8d31be9f8	fda827f8-d261-4c23-9e9c-e42787580c4d	5c360057-c51f-4376-bdf5-049b87fa853b	writer	2021-06-16 20:14:09.867409+00
cc82544d-c377-4327-9ee4-e04c9c028e37	50fb4de9-e4b3-4aca-9f2f-00a48f12f9b3	d67d5cb8-4541-4b20-89be-4100ba95e615	writer	2021-06-16 20:14:09.867642+00
b2e3d836-50c8-484f-8cbe-7ff9a8dedb19	991d143e-1342-4f7c-abf0-a9ede3abba20	e73f46a4-cf53-4b12-b5da-52503b6319f7	writer	2021-06-16 20:14:09.867793+00
971bf437-69bf-4f48-8ded-87f65984a6ed	856bc547-0bae-4de5-8bcc-6d3f9e92d3eb	6b02aa9b-87f1-4c38-ad33-8b125bd29781	director	2021-06-16 20:14:09.868251+00
e618b716-3284-43e1-9227-7c9b18389416	3d825f60-9fff-4dfe-b294-1a45fa1e115d	a5a8f573-3cee-4ccc-8a2b-91cb9f55250a	director	2021-06-16 20:14:09.868403+00
5286c47d-f43c-4334-a3fb-11704f202947	98167b6e-8d41-4378-9fc3-ee998677e6cb	382da5d5-135b-4b02-a069-ba9beb5f3786	writer	2021-06-16 20:14:09.869122+00
2f29eae1-224f-411e-9495-3ea78b8bc30e	319df05f-c5d9-4389-a84a-a43e695bf048	08baac48-370c-43a1-8bc2-4dc6cd597333	director	2021-06-16 20:14:09.86939+00
7ae685c7-2011-463e-81d0-ef1b3ee7da20	118fd71b-93cd-4de5-95a4-e1485edad30e	5bd4381f-5763-474f-baa0-f7f62a0819f9	writer	2021-06-16 20:14:09.870274+00
43ce8c5d-6870-454e-a871-59738df22fa0	cc397479-a5f8-488f-bd7f-7fbb94ec6e18	772faacb-5d57-4e72-b44f-01fde7f08c1a	writer	2021-06-16 20:14:09.870503+00
6556f371-372e-4859-b695-ab625a9fc6a2	b1384a92-f7fe-476b-b90b-6cec2b7a0dce	035c4793-4864-45b8-8d4f-b86b454c60b0	actor	2021-06-16 20:14:09.87077+00
e531d9cf-e16e-4507-8b7c-1cb4706279a4	cddf9b8f-27f9-4fe9-97cb-9e27d4fe3394	b5d2b63a-ed1f-4e46-8320-cf52a32be358	actor	2021-06-16 20:14:09.871758+00
ea7930fc-e599-4d7c-8d89-f89bcdaef03e	50d842be-bcda-401e-90de-b06929611ce0	1f6ad693-a134-44f1-a0a6-71e4c0dec31a	writer	2021-06-16 20:14:09.87206+00
1ee4ed41-b5e0-4efc-8604-f7ca5076647c	98167b6e-8d41-4378-9fc3-ee998677e6cb	6960e2ca-889f-41f5-b728-1e7313e54d6c	writer	2021-06-16 20:14:09.872173+00
7d244b05-0402-4b4a-8d9e-4c0342a91d45	de5347cf-a70d-430f-8005-786326e28794	88a99b4d-4d06-4754-b06c-93217cf53244	writer	2021-06-16 20:14:09.87263+00
7c292d63-9df5-4b5b-b335-fceeec98b259	134989c3-3b20-4ae7-8092-3e8ad2333d59	3a79bcae-0fff-4aea-b841-d4ce74b8a2ff	writer	2021-06-16 20:14:09.873466+00
9118f777-0073-4b06-9ba3-9dd4862d538a	9c7dc26a-489d-4c08-9bba-6ae9dc8117f1	1f651d3f-b94a-4bc3-9a7d-68d79848124b	writer	2021-06-16 20:14:09.873578+00
8c306a0a-2774-4285-bf5b-55f2df8091dc	de5347cf-a70d-430f-8005-786326e28794	83e09e52-4a63-49f9-8c34-3d09774f7509	actor	2021-06-16 20:14:09.873692+00
5728c3cf-d301-47bc-a49d-9a26af24e1e7	31231ab7-f5ab-4d7c-a10c-1448371380ea	1ae1b4da-33f7-4f0f-b3c7-a6e2af944f99	actor	2021-06-16 20:14:09.874036+00
03806301-4aef-485c-b19d-c3848f8ee376	496f504e-20fa-4dfd-b4cb-c7c4ef636e07	25423597-4cb0-4e9f-a9aa-86b1fd3aadee	actor	2021-06-16 20:14:09.874073+00
5b1a000b-6777-4278-944f-35d57a957fc4	4af6c9c9-0be0-4864-b1e9-7f87dd59ee1f	5a3d0299-2df2-4070-9fda-65ff4dfa863c	actor	2021-06-16 20:14:09.874414+00
4e50b793-37f5-482f-b81c-c68fb24591b6	511b8ae8-f59d-450e-b9a2-22aabba2693b	c883c2c6-d7a4-4001-8084-e2851904e91a	director	2021-06-16 20:14:09.87491+00
4d4c7b76-848f-4ff3-9d5a-a0d4814d7016	2bfc0f50-7a88-4d4c-bbf8-f839c6150e7e	5a3d0299-2df2-4070-9fda-65ff4dfa863c	actor	2021-06-16 20:14:09.876442+00
ae92c21f-8883-4700-b499-4e18c8f76b1b	a144d250-6667-47e4-94bd-0ee59c0dc05f	511b9add-1f0c-4b5f-be96-14dc569ffb06	actor	2021-06-16 20:14:09.877699+00
a741bf70-3e6f-40c0-a9ff-b9fc554457cc	db5dcded-29da-4c96-91a2-df1407f0a80a	a4fc2b18-b89b-47f5-8d11-8b26e26fcdb9	actor	2021-06-16 20:14:09.87936+00
9c0658b4-17dd-43ab-9880-2d20ec8ce300	82297925-80cc-4c47-b6cf-6b5e06e23b70	1a84b0ac-ff8f-4169-a14b-7393acea8ddd	writer	2021-06-16 20:14:09.879816+00
6e8ae1a3-84fa-4677-be2f-58a466d88fee	856bc547-0bae-4de5-8bcc-6d3f9e92d3eb	6b02aa9b-87f1-4c38-ad33-8b125bd29781	writer	2021-06-16 20:14:09.881335+00
2f04b054-1727-43d6-9d58-74cb0a99dea1	3d825f60-9fff-4dfe-b294-1a45fa1e115d	a5a8f573-3cee-4ccc-8a2b-91cb9f55250a	writer	2021-06-16 20:14:09.881525+00
45cdbd2e-4b71-4679-9187-b28175ebb41c	b1384a92-f7fe-476b-b90b-6cec2b7a0dce	5bddea2c-8609-499a-a444-77e0142743c0	actor	2021-06-16 20:14:09.881639+00
bbd1d470-0e66-4eb6-9423-195af633a01a	d38c5a13-860e-478b-a645-e09d5d727244	48fe64d4-e4e9-443d-9201-3294fb62715d	actor	2021-06-16 20:14:09.881939+00
ab21ffde-c124-4760-af1b-c474e2dddd3e	319df05f-c5d9-4389-a84a-a43e695bf048	08baac48-370c-43a1-8bc2-4dc6cd597333	writer	2021-06-16 20:14:09.882317+00
37056205-48f4-4741-8353-1940598672c0	516f91da-bd70-4351-ba6d-25e16b7713b7	7214e401-bb43-4da2-9e7a-cd6ca31ee8ca	actor	2021-06-16 20:14:09.882468+00
0d0cd1da-999b-4768-8a26-7855f06fe8c4	c4c5e3de-c0c9-4091-b242-ceb331004dfd	c777f646-dae0-466f-867a-bc535a0b021b	actor	2021-06-16 20:14:09.882884+00
a3d150a4-7fb2-4bf0-ae9a-ab1fd6e08d37	a9d52337-3249-49ae-92b8-65ee9ebaf359	8026ef16-24cf-43a3-be5b-20609a5265ba	actor	2021-06-16 20:14:09.883127+00
7ff1bbdc-67d0-4e28-b9c1-ac1c71f83aed	cddf9b8f-27f9-4fe9-97cb-9e27d4fe3394	2d6f6284-13ce-4d25-9453-c4335432c116	actor	2021-06-16 20:14:09.88412+00
34929f2f-226e-403f-ab06-6b83485c6b62	db5dcded-29da-4c96-91a2-df1407f0a80a	6960e2ca-889f-41f5-b728-1e7313e54d6c	writer	2021-06-16 20:14:09.88465+00
76bb67e6-9a0e-45de-8330-38898b107414	4b6977e2-b3db-4f04-b83e-f091c6fcd49c	6785f113-f395-4140-87e2-8587096e5be6	writer	2021-06-16 20:14:09.88488+00
67da2e98-2e29-43f4-91e8-6c63b91433a9	2bfc0f50-7a88-4d4c-bbf8-f839c6150e7e	a76a7d73-4c57-49b8-a7e8-1c5c1e3452fb	actor	2021-06-16 20:14:09.88665+00
639898fe-fbc0-481e-861a-3891ac58369b	4af6c9c9-0be0-4864-b1e9-7f87dd59ee1f	9b58c99a-e5a3-4f24-8f67-a038665758d6	writer	2021-06-16 20:14:09.887181+00
8ebef5ea-9f71-40b3-82ca-06cd25cead53	6e5cd268-8ce4-45f9-87d2-52f0f26edc9e	58411ec0-c40a-43da-95e3-0adc74b7e7f6	writer	2021-06-16 20:14:09.888049+00
bee438bc-61aa-4a95-9c1e-1ba77bae6c04	b1384a92-f7fe-476b-b90b-6cec2b7a0dce	6960e2ca-889f-41f5-b728-1e7313e54d6c	writer	2021-06-16 20:14:09.888913+00
39536336-4575-48ce-a223-734f788a8b0c	a9d52337-3249-49ae-92b8-65ee9ebaf359	57a4f809-225e-4a8a-a867-0537a085d6c4	actor	2021-06-16 20:14:09.891541+00
84011bc9-f44e-4296-b218-1c32d36495d8	c4c5e3de-c0c9-4091-b242-ceb331004dfd	8c220eeb-8022-44d5-8435-1f8edf258ac7	writer	2021-06-16 20:14:09.891919+00
61ae26f8-68de-429e-bf09-8361a32b2a61	6ecc7a32-14a1-4da8-9881-bf81f0f09897	a1758395-9578-41af-88b8-3f9456e6d938	director	2021-06-16 20:14:09.892872+00
3f9002cc-1924-48f4-9e5c-2a7fec877abc	134989c3-3b20-4ae7-8092-3e8ad2333d59	c97f0b2f-6cb0-459e-8547-46f8f4e7c1d7	director	2021-06-16 20:14:09.894588+00
b7fa32ae-ac12-46e0-873d-d47c17250bb9	50d842be-bcda-401e-90de-b06929611ce0	972c86a5-16f4-432b-b9b3-54965291ddb0	writer	2021-06-16 20:14:09.895541+00
5aac2501-63cd-46d5-ba27-615a831c5346	9d284e83-21f0-4073-aac0-4abee51193d8	5bddea2c-8609-499a-a444-77e0142743c0	director	2021-06-16 20:14:09.896035+00
0a5b4149-d4a2-4dc0-8ed8-685195ddb3e6	b503ced6-fff1-493a-ad41-73449b55ffee	a5a8f573-3cee-4ccc-8a2b-91cb9f55250a	writer	2021-06-16 20:14:09.896276+00
badaf69f-f6f7-4930-a145-f49649683370	82297925-80cc-4c47-b6cf-6b5e06e23b70	807ce9c3-6294-485c-803a-1975066f239f	actor	2021-06-16 20:14:09.896892+00
67b2419b-3d89-4bef-8d41-8babe5e48da1	4af6c9c9-0be0-4864-b1e9-7f87dd59ee1f	82b7dffe-6254-4598-b6ef-5be747193946	writer	2021-06-16 20:14:09.897799+00
08701458-f385-4028-a25e-df4897568c39	b1f1e8a6-e310-47d9-a93c-6a7b192bac0e	9f38323f-5912-40d2-a90c-b56899746f2a	actor	2021-06-16 20:14:09.898369+00
e98dfebf-4306-4e80-bc0d-d9bb071e0558	6ecc7a32-14a1-4da8-9881-bf81f0f09897	4a416628-4a36-431c-9121-513674dae840	actor	2021-06-16 20:14:09.899657+00
6e53c456-7f15-4bb9-b478-0813f33f5658	fda827f8-d261-4c23-9e9c-e42787580c4d	39276c87-27ec-42f3-a573-e0184fc463a7	writer	2021-06-16 20:14:09.899954+00
cdd96e38-f7a0-406f-bac0-6f5161b5fa51	496f504e-20fa-4dfd-b4cb-c7c4ef636e07	9ea3f318-841d-44fc-afba-21d154eb99be	actor	2021-06-16 20:14:09.900479+00
01605d53-f645-4dc6-97ae-fbd127b63949	1b7d7c64-8be8-47db-8924-23029a9878a9	74b4cc18-9fb3-4796-b718-2d0fa4f84fb4	writer	2021-06-16 20:14:09.900746+00
99c5a192-b297-4e70-a9d3-d54e5c1c9102	82297925-80cc-4c47-b6cf-6b5e06e23b70	9758b894-57d7-465d-b657-c5803dd5b7f7	writer	2021-06-16 20:14:09.901017+00
8a0476f9-c003-4158-aeca-80c09fb4365a	31231ab7-f5ab-4d7c-a10c-1448371380ea	b66d8d1b-b24a-4744-97cb-36b57f291358	actor	2021-06-16 20:14:09.901323+00
cbd6f42a-c2e4-494c-b372-0b8b4c3a8d63	37c6cd37-1222-4470-9221-3170367d134b	58411ec0-c40a-43da-95e3-0adc74b7e7f6	writer	2021-06-16 20:14:09.901704+00
6bf75c50-b51a-4225-932a-172cd3d7fd21	78efe505-6ef8-41f7-88ef-15840be2e680	ca0c00e3-9529-4a12-a27d-55d862f7b97b	director	2021-06-16 20:14:09.902012+00
ace3ae2f-d9f7-4192-99dc-63c71d3fdfc7	db5dcded-29da-4c96-91a2-df1407f0a80a	5a3d0299-2df2-4070-9fda-65ff4dfa863c	actor	2021-06-16 20:14:09.902656+00
78f8a56a-9a58-4e4f-af6a-93af1510ba5e	bfe61bd9-5dfd-41ca-80ae-8eca998bc29d	9412ef02-5ed1-407b-9420-ead779a4990a	actor	2021-06-16 20:14:09.902884+00
fa6ba3a1-f0bc-4c25-9a01-ba0de09ea77e	a9d52337-3249-49ae-92b8-65ee9ebaf359	32f131ef-cd32-4659-a037-bcff3f12ac0c	writer	2021-06-16 20:14:09.903566+00
6dc3eccf-dbb6-443a-a092-5a50ed94cb19	46f15353-2add-415d-9782-fa9c5b8083d5	5623ae85-91ff-44f1-b46d-21c9d1d0d7f6	writer	2021-06-16 20:14:09.903604+00
e0d77f99-ece2-44ad-9371-cf974d2cd8a7	1b7d7c64-8be8-47db-8924-23029a9878a9	c883c2c6-d7a4-4001-8084-e2851904e91a	writer	2021-06-16 20:14:09.907076+00
690a3743-7d67-4cba-939d-e7020dacda8c	9d284e83-21f0-4073-aac0-4abee51193d8	fc9f27d2-aaee-46e6-b263-40ec8d2dd355	actor	2021-06-16 20:14:09.907303+00
c51b302d-9f2c-4271-a9f7-124d5bc530db	bfe61bd9-5dfd-41ca-80ae-8eca998bc29d	0031feab-8f53-412a-8f53-47098a60ac73	writer	2021-06-16 20:14:09.907454+00
a554585b-34d3-4ac5-8996-93e994fa3f10	2bfc0f50-7a88-4d4c-bbf8-f839c6150e7e	836bb95b-6db8-4418-a110-f41663b1c025	actor	2021-06-16 20:14:09.908265+00
3530647e-cf4f-4870-8c61-e1a70633fae2	12a8279d-d851-4eb9-9d64-d690455277cc	b5d2b63a-ed1f-4e46-8320-cf52a32be358	actor	2021-06-16 20:14:09.909109+00
a97c63ba-908e-4519-a62b-e5bd83d5cd7a	025c58cd-1b7e-43be-9ffb-8571a613579b	5b4bf1bc-3397-4e83-9b17-8b10c6544ed1	actor	2021-06-16 20:14:09.909565+00
72c13fb4-71af-4d4e-bddd-a1bec92d75e2	46f15353-2add-415d-9782-fa9c5b8083d5	b5d2b63a-ed1f-4e46-8320-cf52a32be358	actor	2021-06-16 20:14:09.910524+00
66583c41-f1c1-47f5-a491-e78ce4b0f06a	78efe505-6ef8-41f7-88ef-15840be2e680	451937f2-6d4d-4193-b5f3-90d054a1ca32	actor	2021-06-16 20:14:09.911479+00
ca834d1a-4855-4a20-b194-0aaa356688cd	991d143e-1342-4f7c-abf0-a9ede3abba20	a5a8f573-3cee-4ccc-8a2b-91cb9f55250a	writer	2021-06-16 20:14:09.913707+00
8e713755-a667-4a2f-804f-d2035dafcd2a	9c7dc26a-489d-4c08-9bba-6ae9dc8117f1	eac1449e-09ed-4912-8467-fba3d489c6bb	actor	2021-06-16 20:14:09.913823+00
3de793a1-f188-48e8-becc-aa529a7ad4c2	47050db6-580f-493c-a007-a11c8768ce1b	643096b7-e25e-40c4-a206-3f233aa9be43	actor	2021-06-16 20:14:09.914514+00
0680be2e-9e78-4888-80f4-985ca234cd06	47050db6-580f-493c-a007-a11c8768ce1b	ba333c8b-9b0b-4390-99c0-05a8117f7f68	actor	2021-06-16 20:14:09.914591+00
74a26823-0dc3-4520-b86f-544ef80bd0c6	991d143e-1342-4f7c-abf0-a9ede3abba20	319a579c-942a-48a8-afff-2e0490713b2a	actor	2021-06-16 20:14:09.915019+00
92786a63-cad0-4b6b-ba50-d763f64cc9e4	192b3fc9-97e2-4260-91c6-a9b91a41e520	9052c429-df4d-4088-8ff5-40de76bd74e1	actor	2021-06-16 20:14:09.915096+00
609ba263-a86b-4812-98b8-13d07c726d61	8cc3c3aa-e531-4eeb-a707-08119024b3ea	6c9f7977-fd5e-4990-b41b-9833efad1eea	actor	2021-06-16 20:14:09.915405+00
770678da-f068-4a9b-965d-73c81ca66735	98167b6e-8d41-4378-9fc3-ee998677e6cb	57a471b1-09dc-48fd-ba8a-1211015a0110	actor	2021-06-16 20:14:09.916604+00
5473f384-c9ab-449e-86b1-32e8e8ae5897	cc397479-a5f8-488f-bd7f-7fbb94ec6e18	c5affe3b-e9f2-4fdb-a5ee-018dd751d3f4	writer	2021-06-16 20:14:09.918171+00
83c2f607-aae9-4ffc-bb25-b31ff8830b78	025c58cd-1b7e-43be-9ffb-8571a613579b	a5a8f573-3cee-4ccc-8a2b-91cb9f55250a	writer	2021-06-16 20:14:09.918325+00
add91651-e154-4a99-97d2-e127c87506b7	a144d250-6667-47e4-94bd-0ee59c0dc05f	81b3b0d6-81d9-45aa-a90b-614978cf7b29	actor	2021-06-16 20:14:09.918363+00
90df7715-3874-4841-9697-1bc32a3bba67	134989c3-3b20-4ae7-8092-3e8ad2333d59	5b4bf1bc-3397-4e83-9b17-8b10c6544ed1	actor	2021-06-16 20:14:09.918703+00
0d1b1906-f55c-4170-b9cd-75005844d856	6e5cd268-8ce4-45f9-87d2-52f0f26edc9e	836bb95b-6db8-4418-a110-f41663b1c025	actor	2021-06-16 20:14:09.919885+00
5cc0ec97-2bd8-4960-9611-9a1c8dd5ee58	cc397479-a5f8-488f-bd7f-7fbb94ec6e18	82b7dffe-6254-4598-b6ef-5be747193946	writer	2021-06-16 20:14:09.920653+00
002d145b-c585-466e-a6f7-bf1fc19b4c67	fdfc8266-5ece-4d85-b614-3cfe9be97b71	8746ff78-577b-4bef-a7f7-1db05a102def	actor	2021-06-16 20:14:09.921113+00
9c7ccfa1-1122-4628-8fcc-96bf3868c6ef	134989c3-3b20-4ae7-8092-3e8ad2333d59	a5a8f573-3cee-4ccc-8a2b-91cb9f55250a	writer	2021-06-16 20:14:09.921718+00
c1dafc30-6dbd-40d3-b8d3-cf6ada07d1c6	4b6977e2-b3db-4f04-b83e-f091c6fcd49c	5820071b-4013-4fa8-b5e7-4c0696c2ee8b	actor	2021-06-16 20:14:09.921809+00
e4f374f1-27e7-4f00-9290-34693750909a	ddbc2fc3-389e-419f-a8fa-59e6cee10802	ce1799d3-0010-47ca-8635-b5ff1156a01d	writer	2021-06-16 20:14:09.922958+00
3a667ce7-4033-466a-9371-5df8bc5cbc74	6e5cd268-8ce4-45f9-87d2-52f0f26edc9e	c883c2c6-d7a4-4001-8084-e2851904e91a	director	2021-06-16 20:14:09.924139+00
38ab4bb4-bccc-4e24-a610-8d7bcf17f668	1b7d7c64-8be8-47db-8924-23029a9878a9	6960e2ca-889f-41f5-b728-1e7313e54d6c	writer	2021-06-16 20:14:09.925129+00
45df5d6a-b741-4de5-a25a-0da3eb2b26af	516f91da-bd70-4351-ba6d-25e16b7713b7	62df10e8-244d-4c31-b396-564dfbc2f9c5	actor	2021-06-16 20:14:09.925245+00
db08eea6-11bc-4cb0-9811-102d6e8ef585	cc397479-a5f8-488f-bd7f-7fbb94ec6e18	1a93d567-f525-4fcf-a9b0-67f1a3f56eb3	actor	2021-06-16 20:14:09.925776+00
ff553986-b9b0-4a68-88d0-e65d08720ccf	37c6cd37-1222-4470-9221-3170367d134b	5a3d0299-2df2-4070-9fda-65ff4dfa863c	director	2021-06-16 20:14:09.926167+00
627d43f3-7e60-46b3-9fb8-a83c23fba0c4	cc397479-a5f8-488f-bd7f-7fbb94ec6e18	57a471b1-09dc-48fd-ba8a-1211015a0110	actor	2021-06-16 20:14:09.926665+00
2f91e890-8a47-4fd6-ac8d-2ea2ef946acd	fda827f8-d261-4c23-9e9c-e42787580c4d	5c360057-c51f-4376-bdf5-049b87fa853b	actor	2021-06-16 20:14:09.926741+00
bef85d58-4de5-4131-812a-4e012c0004af	a7b11817-205f-4e1a-98b5-e3c48b824bc3	5a3d0299-2df2-4070-9fda-65ff4dfa863c	actor	2021-06-16 20:14:09.927919+00
03412b03-fe4a-484e-bb94-e7a993fd1482	9d284e83-21f0-4073-aac0-4abee51193d8	972c86a5-16f4-432b-b9b3-54965291ddb0	actor	2021-06-16 20:14:09.928032+00
e6b0a2f9-7333-4e0d-b803-33d7cca7718f	78efe505-6ef8-41f7-88ef-15840be2e680	14735c75-9ebc-4602-8363-21527b6cc25a	writer	2021-06-16 20:14:09.928797+00
fd381878-c44c-47fe-8194-7ff55b9ee700	9c7dc26a-489d-4c08-9bba-6ae9dc8117f1	9b401777-277e-40a2-8e69-cf6561b987ed	writer	2021-06-16 20:14:09.929065+00
b72d962a-3940-41b3-ba5b-f737f44d3e11	8cc3c3aa-e531-4eeb-a707-08119024b3ea	976fdf00-4f46-429b-af5b-2ddf2ff1b7c5	actor	2021-06-16 20:14:09.929309+00
8ece556e-910f-4ae1-adb1-f6a697f567c9	98167b6e-8d41-4378-9fc3-ee998677e6cb	fc9f27d2-aaee-46e6-b263-40ec8d2dd355	actor	2021-06-16 20:14:09.930275+00
cdd17070-4665-4d2f-aed9-b7b223b1c632	856bc547-0bae-4de5-8bcc-6d3f9e92d3eb	51106cd4-89d9-4ab6-88cb-15cdd20d1ea0	actor	2021-06-16 20:14:09.930542+00
eb84c8ef-1a2e-4882-b8bf-7a403fd13160	fda827f8-d261-4c23-9e9c-e42787580c4d	7fb9ae3d-aeac-40a9-aa25-cd6992be16a6	writer	2021-06-16 20:14:09.930695+00
a3aeb216-1621-4dd4-b314-da84953f4134	991d143e-1342-4f7c-abf0-a9ede3abba20	8a01bb4e-207f-4549-a3f6-6892b1aac5a9	actor	2021-06-16 20:14:09.932107+00
c197c28b-baba-4bf0-9f62-914f0cac7763	31231ab7-f5ab-4d7c-a10c-1448371380ea	d4437aa4-73e7-4f57-85a2-92fdad8702ad	actor	2021-06-16 20:14:09.932261+00
18902871-3cb9-4b98-b01e-fd54a155fd89	50d842be-bcda-401e-90de-b06929611ce0	57a471b1-09dc-48fd-ba8a-1211015a0110	actor	2021-06-16 20:14:09.932755+00
5683e067-44d7-4390-b957-287cc23e0d16	0312ed51-8833-413f-bff5-0e139c11264a	26e83050-29ef-4163-a99d-b546cac208f8	actor	2021-06-16 20:14:09.933722+00
28ca3d4b-0c62-46ea-be21-3a2839982805	46f15353-2add-415d-9782-fa9c5b8083d5	26e020b4-98d9-4c78-b85a-0570eb19d9bc	writer	2021-06-16 20:14:09.933989+00
9bd56525-362d-4498-9f3f-fa2d9a721899	fda827f8-d261-4c23-9e9c-e42787580c4d	dd0d82d8-1c95-4bb9-b9c6-d707773aa4db	writer	2021-06-16 20:14:09.934518+00
\.


--
-- Name: film_work film_work_pkey; Type: CONSTRAINT; Schema: content; Owner: app
--

ALTER TABLE ONLY content.film_work
    ADD CONSTRAINT film_work_pkey PRIMARY KEY (id);


--
-- Name: genre_film_work genre_film_work_pkey; Type: CONSTRAINT; Schema: content; Owner: app
--

ALTER TABLE ONLY content.genre_film_work
    ADD CONSTRAINT genre_film_work_pkey PRIMARY KEY (id);


--
-- Name: genre genre_name_key; Type: CONSTRAINT; Schema: content; Owner: app
--

ALTER TABLE ONLY content.genre
    ADD CONSTRAINT genre_name_key UNIQUE (name);


--
-- Name: genre genre_pkey; Type: CONSTRAINT; Schema: content; Owner: app
--

ALTER TABLE ONLY content.genre
    ADD CONSTRAINT genre_pkey PRIMARY KEY (id);


--
-- Name: person_film_work person_film_work_pkey; Type: CONSTRAINT; Schema: content; Owner: app
--

ALTER TABLE ONLY content.person_film_work
    ADD CONSTRAINT person_film_work_pkey PRIMARY KEY (id);


--
-- Name: person person_pkey; Type: CONSTRAINT; Schema: content; Owner: app
--

ALTER TABLE ONLY content.person
    ADD CONSTRAINT person_pkey PRIMARY KEY (id);


--
-- Name: film_work_creation_date_idx; Type: INDEX; Schema: content; Owner: app
--

CREATE INDEX film_work_creation_date_idx ON content.film_work USING btree (creation_date, rating);


--
-- Name: film_work_person_idx; Type: INDEX; Schema: content; Owner: app
--

CREATE UNIQUE INDEX film_work_person_idx ON content.person_film_work USING btree (film_work_id, person_id, role);


--
-- Name: genre_film_work_idx; Type: INDEX; Schema: content; Owner: app
--

CREATE UNIQUE INDEX genre_film_work_idx ON content.genre_film_work USING btree (film_work_id, genre_id);


--
-- Name: genre_film_work genre_film_work_film_work_id_fkey; Type: FK CONSTRAINT; Schema: content; Owner: app
--

ALTER TABLE ONLY content.genre_film_work
    ADD CONSTRAINT genre_film_work_film_work_id_fkey FOREIGN KEY (film_work_id) REFERENCES content.film_work(id) ON DELETE CASCADE;


--
-- Name: genre_film_work genre_film_work_genre_id_fkey; Type: FK CONSTRAINT; Schema: content; Owner: app
--

ALTER TABLE ONLY content.genre_film_work
    ADD CONSTRAINT genre_film_work_genre_id_fkey FOREIGN KEY (genre_id) REFERENCES content.genre(id);


--
-- Name: person_film_work person_film_work_film_work_id_fkey; Type: FK CONSTRAINT; Schema: content; Owner: app
--

ALTER TABLE ONLY content.person_film_work
    ADD CONSTRAINT person_film_work_film_work_id_fkey FOREIGN KEY (film_work_id) REFERENCES content.film_work(id) ON DELETE CASCADE;


--
-- Name: person_film_work person_film_work_person_id_fkey; Type: FK CONSTRAINT; Schema: content; Owner: app
--

ALTER TABLE ONLY content.person_film_work
    ADD CONSTRAINT person_film_work_person_id_fkey FOREIGN KEY (person_id) REFERENCES content.person(id);


--
-- PostgreSQL database dump complete
--

